0,0,0
3.97603e-05,8.7639e-07,2.89411e-05
0.000118762,7.84773e-06,0.000172683
0.000233995,3.08113e-05,0.000506332
0.000376874,8.1942e-05,0.00106197
0.000531879,0.000170521,0.00178495
0.000680318,0.000297877,0.00254201
0.000807822,0.000458576,0.00323316
0.000907747,0.000647754,0.00390202
0.000975506,0.000860233,0.00455404
0.00100777,0.00109057,0.00519135
0.00100221,0.00133311,0.00581445
0.000957437,0.00158206,0.00642255
0.000872924,0.00183164,0.00701461
0.000748992,0.00207613,0.00758976
0.000586737,0.00231009,0.00814738
0.000387959,0.00252836,0.00868712
0.000155079,0.00272621,0.00920892
-0.00010895,0.00289937,0.0097129
-0.000400733,0.00304407,0.0101994
-0.000716522,0.00315708,0.0106688
-0.0010523,0.00323573,0.0111219
-0.00140385,0.00327789,0.0115591
-0.00176685,0.00328197,0.0119812
-0.00213693,0.00324693,0.0123889
-0.00250971,0.00317223,0.0127829
-0.00288089,0.0030578,0.013164
-0.00324627,0.00290403,0.0135329
-0.0036018,0.00271174,0.0138902
-0.00394361,0.00248213,0.0142366
-0.00426803,0.00221677,0.0145728
-0.00457166,0.00191751,0.0148992
-0.00485132,0.00158653,0.0152164
-0.0051041,0.00122623,0.015525
-0.00532741,0.000839252,0.0158255
-0.00551891,0.000428405,0.0161182
-0.00567658,-3.33966e-06,0.0164037
-0.00579869,-0.000452889,0.0166823
-0.00588383,-0.000917055,0.0169543
-0.00593085,-0.00139258,0.0172202
-0.00593893,-0.00187617,0.0174803
-0.00590753,-0.00236452,0.0177348
-0.00583639,-0.00285432,0.0179841
-0.00572553,-0.00334229,0.0182284
-0.00557522,-0.00382522,0.0184679
-0.00538599,-0.00429994,0.018703
-0.00515863,-0.0047634,0.0189338
-0.00489414,-0.00521261,0.0191605
-0.00459373,-0.00564475,0.0193833
-0.00425884,-0.00605708,0.0196024
-0.00389107,-0.00644704,0.019818
-0.0034922,-0.00681221,0.0200302
-0.00306418,-0.00715032,0.0202393
-0.00260911,-0.00745929,0.0204452
-0.00212919,-0.0077372,0.0206482
-0.00162676,-0.00798233,0.0208484
-0.00110424,-0.00819314,0.0210458
-0.00056415,-0.00836826,0.0212408
-9.07135e-06,-0.00850655,0.0214332
0.000558359,-0.00860704,0.0216233
0.00113546,-0.00866895,0.021811
0.00171954,-0.00869171,0.0219966
0.00230786,-0.00867492,0.0221801
0.00289772,-0.00861839,0.0223615
0.0034864,-0.00852211,0.0225409
0.00407123,-0.00838625,0.0227184
0.00464955,-0.00821115,0.0228941
0.00521877,-0.00799733,0.0230681
0.00577634,-0.00774549,0.0232402
0.00631979,-0.00745647,0.0234108
0.00684672,-0.00713127,0.0235797
0.00735481,-0.00677105,0.0237471
0.00784183,-0.00637709,0.0239129
0.00830568,-0.00595081,0.0240773
0.00874432,-0.00549376,0.0242401
0.00915587,-0.00500761,0.0244017
0.00953853,-0.0044941,0.0245618
0.00989065,-0.00395513,0.0247205
0.0102107,-0.00339263,0.024878
0.0104973,-0.00280864,0.0250342
0.0107491,-0.00220528,0.0251892
0.0109651,-0.0015847,0.0253429
0.0111443,-0.000949138,0.0254954
0.0112858,-0.000300852,0.0256467
0.0113889,0.000357854,0.0257968
0.011453,0.00102465,0.0259457
0.0114778,0.00169719,0.0260936
0.011463,0.00237313,0.0262403
0.0114084,0.00305009,0.0263859
0.011314,0.00372574,0.0265305
0.0111801,0.00439774,0.0266739
0.0110068,0.00506378,0.0268163
0.0107946,0.00572159,0.0269576
0.0105441,0.0063689,0.027098
0.0102558,0.00700354,0.0272373
0.00993069,0.00762336,0.0273756
0.00956954,0.00822626,0.0275129
0.00917342,0.00881022,0.0276492
0.00874345,0.00937329,0.0277845
0.00828087,0.00991359,0.0279187
0.00778702,0.0104293,0.0280521
0.00726332,0.0109188,0.0281845
0.00671129,0.0113803,0.028316
0.00613252,0.0118124,0.0284465
0.00552868,0.0122136,0.028576
0.00490153,0.0125826,0.0287047
0.00425286,0.0129181,0.0288324
0.00358455,0.013219,0.0289592
0.0028985,0.0134844,0.0290851
0.00219669,0.0137132,0.0292101
0.00148111,0.0139047,0.0293342
0.000753795,0.0140582,0.0294574
1.68155e-05,0.0141732,0.0295798
-0.00072775,0.0142491,0.0297013
-0.0014778,0.0142856,0.029822
-0.00223124,0.0142824,0.0299418
-0.00298595,0.0142395,0.0300607
-0.00373984,0.0141569,0.030179
-0.00449079,0.0140346,0.0302964
-0.00523674,0.0138728,0.0304129
-0.00597563,0.0136719,0.0305286
-0.00670542,0.0134322,0.0306436
-0.00742411,0.0131544,0.0307577
-0.00812972,0.012839,0.030871
-0.00882035,0.0124868,0.0309838
-0.0094941,0.0120985,0.0310957
-0.0101492,0.0116752,0.0312069
-0.0107837,0.0112177,0.0313173
-0.0113961,0.0107273,0.031427
-0.0119847,0.010205,0.0315359
-0.0125478,0.00965207,0.0316443
-0.0130839,0.00906993,0.0317521
-0.0135917,0.00845993,0.031859
-0.0140698,0.00782354,0.0319654
-0.0145168,0.00716227,0.032071
-0.0149315,0.00647772,0.0321762
-0.0153129,0.00577152,0.0322807
-0.0156598,0.00504537,0.0323844
-0.0159715,0.00430099,0.0324876
-0.0162469,0.00354015,0.0325903
-0.0164853,0.00276466,0.0326924
-0.0166861,0.00197637,0.0327939
-0.0168486,0.00117713,0.0328949
-0.0169724,0.000368825,0.0329954
-0.0170571,-0.000446636,0.0330954
-0.0171024,-0.00126734,0.0331949
-0.017108,-0.00209137,0.0332938
-0.0170739,-0.0029168,0.0333924
-0.017,-0.0037417,0.0334905
-0.0168864,-0.00456417,0.0335881
-0.0167332,-0.00538229,0.0336853
-0.0165408,-0.00619417,0.0337821
-0.0163095,-0.00699794,0.0338783
-0.0160396,-0.00779176,0.0339743
-0.0157317,-0.00857379,0.0340699
-0.0153865,-0.00934226,0.034165
-0.0150046,-0.0100954,0.0342597
-0.0145867,-0.0108315,0.034354
-0.0141337,-0.0115489,0.0344481
-0.0136466,-0.0122459,0.0345418
-0.0131262,-0.012921,0.0346351
-0.0125738,-0.0135726,0.0347282
-0.0119903,-0.0141993,0.0348209
-0.0113771,-0.0147996,0.0349133
-0.0107353,-0.0153723,0.0350056
-0.0100664,-0.0159159,0.0350973
-0.00937154,-0.0164293,0.0351888
-0.00865229,-0.0169113,0.0352803
-0.00791009,-0.0173608,0.0353714
-0.00714646,-0.0177768,0.0354621
-0.00636296,-0.0181584,0.0355527
-0.00556118,-0.0185046,0.0356431
-0.00474276,-0.0188147,0.0357333
-0.00390936,-0.0190879,0.0358231
-0.00306268,-0.0193237,0.0359129
-0.00220443,-0.0195214,0.0360026
-0.00133634,-0.0196806,0.036092
-0.000460169,-0.0198008,0.0361812
0.000422321,-0.0198817,0.03627
0.00130935,-0.0199232,0.0363587
0.00219915,-0.0199249,0.0364472
0.00308994,-0.0198869,0.0365356
0.00397992,-0.0198092,0.0366237
0.00486734,-0.0196917,0.0367119
0.00575042,-0.0195347,0.0367998
0.00662741,-0.0193384,0.0368877
0.00749657,-0.0191031,0.0369754
0.00835618,-0.0188292,0.0370628
0.00920455,-0.0185171,0.0371501
0.01004,-0.0181674,0.0372372
0.0108609,-0.0177807,0.0373243
0.0116656,-0.0173577,0.037411
0.0124526,-0.0168991,0.0374977
0.0132202,-0.0164056,0.0375841
0.0139671,-0.0158783,0.0376706
0.0146917,-0.015318,0.0377568
0.0153927,-0.0147258,0.0378429
0.0160686,-0.0141026,0.0379287
0.0167182,-0.0134497,0.0380144
0.0173401,-0.0127681,0.0381002
0.0179332,-0.0120591,0.0381856
0.0184964,-0.011324,0.0382708
0.0190284,-0.010564,0.038356
0.0195284,-0.00978063,0.038441
0.0199952,-0.00897516,0.038526
0.0204281,-0.00814906,0.0386108
0.020826,-0.00730381,0.0386953
0.0211884,-0.00644092,0.0387796
0.0215143,-0.00556191,0.0388639
0.0218033,-0.00466835,0.038948
0.0220546,-0.00376182,0.0390321
0.0222678,-0.00284392,0.039116
0.0224425,-0.00191629,0.0391995
0.0225782,-0.000980551,0.0392828
0.0226747,-3.83589e-05,0.039366
0.0227317,0.00090863,0.039449
0.022749,0.00185875,0.0395319
0.0227266,0.00281034,0.0396145
0.0226644,0.00376174,0.0396969
0.0225625,0.00471127,0.0397794
0.022421,0.00565728,0.0398617
0.02224,0.00659813,0.0399436
0.0220198,0.00753218,0.0400252
0.0217608,0.00845781,0.0401068
0.0214633,0.0093734,0.040188
0.0211277,0.0102774,0.0402691
0.0207546,0.0111682,0.0403501
0.0203445,0.0120443,0.040431
0.0198982,0.0129042,0.0405113
0.0194162,0.0137463,0.0405918
0.0188993,0.0145694,0.0406716
0.0183484,0.0153718,0.0407514
0.0177643,0.0161523,0.040831
0.017148,0.0169096,0.0409104
0.0165004,0.0176422,0.0409895
0.0158225,0.0183491,0.0410683
0.0151155,0.0190289,0.0411466
0.0143805,0.0196805,0.041225
0.0136185,0.0203027,0.0413033
0.0128309,0.0208946,0.0413809
0.0120188,0.0214551,0.0414584
0.0111836,0.0219833,0.0415356
0.0103266,0.0224782,0.0416123
0.0094492,0.0229389,0.0416892
0.00855269,0.0233648,0.0417655
0.00763852,0.023755,0.0418417
0.00670816,0.0241089,0.0419177
0.00576305,0.0244258,0.0419935
0.00480469,0.0247053,0.0420687
0.00383459,0.0249467,0.0421437
0.00285427,0.0251497,0.0422185
0.00186527,0.0253139,0.0422928
0.000869134,0.0254389,0.0423671
-0.000132572,0.0255246,0.0424413
-0.00113829,0.0255707,0.0425149
-0.00214644,0.0255771,0.0425882
-0.00315546,0.0255437,0.0426612
-0.00416378,0.0254706,0.0427341
-0.00516983,0.0253577,0.0428065
-0.00617205,0.0252053,0.0428787
-0.00716888,0.0250134,0.0429507
-0.00815879,0.0247824,0.0430222
-0.00914025,0.0245125,0.0430938
-0.0101117,0.0242041,0.0431651
-0.0110718,0.0238576,0.0432359
-0.0120188,0.0234736,0.0433063
-0.0129515,0.0230524,0.0433764
-0.0138683,0.0225947,0.0434464
-0.0147679,0.0221012,0.0435163
-0.0156489,0.0215726,0.0435858
-0.0165099,0.0210095,0.0436551
-0.0173497,0.0204129,0.0437242
-0.0181668,0.0197835,0.0437929
-0.0189602,0.0191222,0.0438612
-0.0197285,0.01843,0.0439293
-0.0204706,0.0177079,0.0439974
-0.0211854,0.0169569,0.0440649
-0.0218717,0.0161781,0.0441326
-0.0225286,0.0153725,0.0441997
-0.023155,0.0145414,0.0442667
-0.02375,0.0136859,0.0443337
-0.0243127,0.0128073,0.0444003
-0.0248421,0.0119067,0.0444669
-0.0253376,0.0109855,0.0445328
-0.0257983,0.010045,0.0445987
-0.0262235,0.00908649,0.0446644
-0.0266125,0.00811137,0.0447298
-0.0269649,0.00712101,0.0447952
-0.0272799,0.00611681,0.04486
-0.0275571,0.0051002,0.044925
-0.0277962,0.00407262,0.0449898
-0.0279966,0.0030355,0.0450544
-0.028158,0.00199033,0.0451185
-0.0282802,0.00093856,0.0451828
-0.028363,-0.000118318,0.0452468
-0.0284062,-0.00117882,0.0453106
-0.0284096,-0.00224146,0.0453743
-0.0283733,-0.00330474,0.0454376
-0.0282972,-0.00436718,0.045501
-0.0281814,-0.00542729,0.0455643
-0.028026,-0.00648359,0.0456274
-0.0278312,-0.0075346,0.0456905
-0.0275972,-0.00857886,0.0457532
-0.0273242,-0.00961492,0.0458156
-0.0270127,-0.0106413,0.0458778
-0.026663,-0.0116567,0.0459399
-0.0262755,-0.0126595,0.046002
-0.0258507,-0.0136485,0.0460643
-0.0253892,-0.0146223,0.0461268
-0.0248915,-0.0155794,0.0461885
-0.0243583,-0.0165187,0.0462508
-0.0237903,-0.0174387,0.0463125
-0.0231882,-0.0183382,0.0463739
-0.0225528,-0.0192161,0.046436
-0.0218849,-0.020071,0.046498
-0.0211853,-0.0209018,0.0465598
-0.020455,-0.0217073,0.0466217
-0.0196949,-0.0224865,0.0466825
-0.018906,-0.0232382,0.0467436
-0.0180893,-0.0239615,0.046805
-0.017246,-0.0246553,0.0468657
-0.0163769,-0.0253187,0.046927
-0.0154834,-0.0259508,0.0469878
-0.0145665,-0.0265507,0.0470493
-0.0136275,-0.0271175,0.0471105
-0.0126675,-0.0276506,0.0471716
-0.0116878,-0.028149,0.0472325
-0.0106896,-0.0286123,0.0472935
-0.00967431,-0.0290397,0.0473546
-0.00864315,-0.0294305,0.0474159
-0.00759746,-0.0297844,0.0474764
-0.0065386,-0.0301007,0.0475372
-0.00546793,-0.030379,0.0475986
-0.00438681,-0.030619,0.0476594
-0.00329663,-0.0308202,0.0477197
-0.0021988,-0.0309824,0.0477809
-0.00109472,-0.0311053,0.0478417
1.42043e-05,-0.0311888,0.0479024
0.00112655,-0.0312326,0.0479629
0.0022409,-0.0312366,0.0480235
0.00335584,-0.0312009,0.0480841
0.00446993,-0.0311255,0.048145
0.00558178,-0.0310103,0.0482061
0.00668995,-0.0308555,0.0482664
0.00779305,-0.0306613,0.0483271
0.00888967,-0.0304278,0.0483884
0.00997844,-0.0301553,0.0484491
0.011058,-0.0298442,0.0485093
0.0121269,-0.0294947,0.0485704
0.0131838,-0.0291073,0.0486312
0.0142275,-0.0286824,0.0486917
0.0152565,-0.0282204,0.0487521
0.0162697,-0.0277221,0.0488124
0.0172656,-0.0271878,0.0488728
0.0182432,-0.0266183,0.0489333
0.019201,-0.0260143,0.048994
0.020138,-0.0253763,0.049055
0.021053,-0.0247053,0.0491164
0.0219447,-0.0240019,0.049177
0.0228122,-0.0232671,0.0492382
0.0236542,-0.0225016,0.0492988
0.0244698,-0.0217065,0.04936
0.025258,-0.0208826,0.0494209
0.0260176,-0.0200309,0.0494812
0.0267478,-0.0191524,0.0495426
0.0274478,-0.0182482,0.0496039
0.0281165,-0.0173193,0.0496649
0.0287531,-0.0163669,0.0497258
0.0293569,-0.0153921,0.0497868
0.0299271,-0.0143959,0.0498479
0.030463,-0.0133797,0.0499092
0.0309639,-0.0123446,0.0499694
0.0314291,-0.0112918,0.0500299
0.0318581,-0.0102225,0.0500909
0.0322504,-0.00913811,0.050151
0.0326054,-0.00803981,0.0502117
0.0329226,-0.00692891,0.0502717
0.0332017,-0.00580672,0.0503325
0.0334423,-0.00467456,0.0503927
0.0336441,-0.00353375,0.0504525
0.0338068,-0.00238565,0.0505132
0.0339301,-0.00123159,0.0505737
0.034014,-7.2936e-05,0.0506339
0.0340582,0.00108897,0.050694
0.0340626,0.00225275,0.050754
0.0340273,0.00341707,0.050814
0.0339522,0.00458055,0.050874
0.0338374,0.00574183,0.0509343
0.033683,0.00689957,0.0509947
0.0334892,0.00805242,0.0510541
0.033256,0.00919903,0.0511139
0.0329838,0.0103381,0.0511741
0.0326728,0.0114682,0.0512334
0.0323233,0.0125882,0.0512933
0.0319358,0.0136966,0.0513525
0.0315106,0.0147923,0.0514124
0.0310483,0.0158739,0.0514717
0.0305492,0.0169402,0.0515306
0.0300139,0.0179899,0.0515903
0.029443,0.019022,0.0516497
0.0288372,0.020035,0.0517088
0.028197,0.021028,0.0517677
0.0275232,0.0219997,0.0518264
0.0268166,0.022949,0.051885
0.0260778,0.0238748,0.0519435
0.0253077,0.0247762,0.0520022
0.0245071,0.0256519,0.0520609
0.023677,0.0265011,0.0521183
0.0228182,0.0273227,0.052176
0.0219316,0.0281158,0.0522341
0.0210182,0.0288794,0.0522925
0.0200791,0.0296128,0.05235
0.0191152,0.0303151,0.0524079
0.0181277,0.0309854,0.052465
0.0171175,0.031623,0.0525227
0.0160858,0.0322271,0.0525797
0.0150337,0.0327971,0.052636
0.0139624,0.0333322,0.0526933
0.012873,0.0338319,0.05275
0.0117667,0.0342956,0.0528062
0.0106447,0.0347228,0.052862
0.00950832,0.0351129,0.0529175
0.00835867,0.0354655,0.0529727
0.00719704,0.0357801,0.0530292
0.0060247,0.0360565,0.0530856
0.00484291,0.0362942,0.0531404
0.00365296,0.036493,0.0531952
0.00245614,0.0366526,0.0532501
0.00125375,0.0367728,0.0533051
4.70707e-05,0.0368534,0.0533603
-0.00116258,0.0368945,0.0534143
-0.00237389,0.0368957,0.0534686
-0.00358557,0.0368572,0.0535233
-0.0047963,0.0367789,0.0535769
-0.00600477,0.0366609,0.0536311
-0.0072097,0.0365033,0.0536843
-0.00840978,0.0363062,0.0537382
-0.00960372,0.0360698,0.0537913
-0.0107902,0.0357944,0.0538452
-0.0119681,0.0354801,0.0538984
-0.013136,0.0351273,0.0539511
-0.0142926,0.0347363,0.0540047
-0.0154369,0.0343076,0.0540578
-0.0165674,0.0338415,0.0541105
-0.0176831,0.0333385,0.0541628
-0.0187827,0.0327991,0.0542148
-0.0198651,0.0322239,0.0542665
-0.0209291,0.0316134,0.0543181
-0.0219735,0.0309683,0.0543697
-0.0229973,0.0302892,0.0544211
-0.0239994,0.0295767,0.0544726
-0.0249786,0.0288317,0.0545242
-0.025934,0.0280548,0.0545759
-0.0268646,0.0272469,0.0546263
-0.0277693,0.0264088,0.0546768
-0.0286471,0.0255412,0.0547278
-0.0294973,0.0246452,0.0547791
-0.0303187,0.0237216,0.0548292
-0.0311107,0.0227713,0.05488
-0.0318723,0.0217954,0.0549297
-0.0326027,0.0207947,0.0549801
-0.0333011,0.0197704,0.0550296
-0.0339669,0.0187234,0.0550798
-0.0345992,0.0176548,0.0551293
-0.0351975,0.0165657,0.0551797
-0.035761,0.0154572,0.0552294
-0.0362892,0.0143304,0.0552786
-0.0367815,0.0131865,0.0553271
-0.0372374,0.0120266,0.0553769
-0.0376564,0.0108519,0.0554263
-0.038038,0.00966361,0.0554753
-0.0383818,0.00846285,0.055524
-0.0386874,0.00725087,0.0555725
-0.0389546,0.00602889,0.0556207
-0.0391829,0.00479814,0.0556689
-0.0393722,0.00355987,0.055717
-0.0395223,0.0023153,0.0557652
-0.0396328,0.00106571,0.0558134
-0.0397038,-0.00018767,0.0558617
-0.0397351,-0.00144357,0.0559103
-0.0397266,-0.00270073,0.0559591
-0.0396783,-0.0039579,0.0560065
-0.0395903,-0.00521382,0.0560542
-0.0394626,-0.00646722,0.0561024
-0.0392953,-0.00771686,0.0561494
-0.0390885,-0.00896149,0.056197
-0.0388424,-0.0101999,0.0562451
-0.0385573,-0.0114308,0.0562922
-0.0382334,-0.0126529,0.0563401
-0.0378709,-0.0138652,0.056387
-0.0374703,-0.0150663,0.0564348
-0.0370318,-0.016255,0.0564817
-0.036556,-0.0174303,0.0565297
-0.0360431,-0.0185909,0.0565768
-0.0354938,-0.0197356,0.0566234
-0.0349085,-0.0208633,0.0566712
-0.0342878,-0.021973,0.0567184
-0.0336323,-0.0230635,0.0567651
-0.0329425,-0.0241337,0.0568114
-0.0322191,-0.0251826,0.056859
-0.0314629,-0.0262091,0.0569063
-0.0306745,-0.0272122,0.0569535
-0.0298546,-0.0281909,0.0570004
-0.0290041,-0.0291443,0.0570472
-0.0281237,-0.0300714,0.0570938
-0.0272144,-0.0309713,0.0571405
-0.0262768,-0.0318431,0.0571872
-0.025312,-0.0326859,0.0572339
-0.0243208,-0.033499,0.0572808
-0.0233042,-0.0342815,0.0573278
-0.0222632,-0.0350325,0.0573752
-0.0211987,-0.0357515,0.0574229
-0.0201117,-0.0364377,0.0574708
-0.0190032,-0.0370903,0.0575174
-0.0178744,-0.0377088,0.0575645
-0.0167263,-0.0382926,0.057612
-0.0155598,-0.038841,0.0576584
-0.0143763,-0.0393535,0.0577053
-0.0131767,-0.0398296,0.0577529
-0.0119622,-0.0402688,0.0577994
-0.010734,-0.0406707,0.0578467
-0.00949316,-0.0410348,0.0578949
-0.00824089,-0.0413609,0.0579421
-0.00697837,-0.0416485,0.0579902
-0.00570677,-0.0418974,0.0580375
-0.0044273,-0.0421074,0.0580859
-0.00314116,-0.0422781,0.0581335
-0.00184954,-0.0424094,0.0581804
-0.000553666,-0.0425011,0.0582286
0.000745253,-0.0425532,0.0582761
0.002046,-0.0425656,0.058323
0.00334736,-0.0425382,0.0583714
0.00464812,-0.042471,0.0584193
0.00594706,-0.0423641,0.0584668
0.00724297,-0.0422175,0.0585138
0.00853464,-0.0420313,0.0585626
0.00982087,-0.0418058,0.058611
0.0111004,-0.041541,0.0586592
0.0123722,-0.0412373,0.0587073
0.0136349,-0.0408948,0.0587552
0.0148875,-0.0405139,0.0588031
0.0161286,-0.0400948,0.0588509
0.0173573,-0.039638,0.0588987
0.0185723,-0.0391438,0.0589466
0.0197726,-0.0386127,0.0589947
0.020957,-0.0380451,0.0590428
0.0221243,-0.0374415,0.0590913
0.0232736,-0.0368025,0.0591399
0.0244038,-0.0361287,0.0591889
0.0255138,-0.0354205,0.0592362
0.0266026,-0.0346787,0.0592841
0.0276691,-0.0339039,0.0593322
0.0287125,-0.0330968,0.059381
0.0297317,-0.0322581,0.0594303
0.0307258,-0.0313886,0.0594781
0.0316939,-0.030489,0.0595267
0.0326351,-0.02956,0.0595759
0.0335484,-0.0286026,0.0596239
0.0344332,-0.0276176,0.0596727
0.0352885,-0.0266059,0.0597202
0.0361135,-0.0255683,0.0597686
0.0369076,-0.0245058,0.059818
0.0376699,-0.0234193,0.0598662
0.0383998,-0.0223098,0.0599156
0.0390966,-0.0211782,0.059964
0.0397596,-0.0200257,0.0600135
0.0403882,-0.018853,0.0600621
0.0409819,-0.0176615,0.0601099
0.0415401,-0.0164519,0.0601588
0.0420622,-0.0152256,0.0602071
0.0425478,-0.0139834,0.0602567
0.0429965,-0.0127266,0.0603057
0.0434078,-0.0114562,0.060354
0.0437813,-0.0101734,0.0604017
0.0441166,-0.00887919,0.0604509
0.0444135,-0.00757485,0.0604996
0.0446717,-0.00626148,0.0605479
0.0448909,-0.00494024,0.0605958
0.0450708,-0.00361229,0.0606433
0.0452114,-0.00227879,0.0606925
0.0453124,-0.00094092,0.0607415
0.0453738,0.000400148,0.0607902
0.0453955,0.00174324,0.0608387
0.0453774,0.00308717,0.060887
0.0453195,0.00443077,0.0609352
0.0452219,0.00577285,0.0609834
0.0450846,0.00711225,0.0610315
0.0449077,0.00844779,0.0610796
0.0446913,0.00977831,0.0611277
0.0444357,0.0111026,0.061176
0.0441409,0.0124196,0.0612243
0.0438073,0.0137281,0.0612729
0.0434351,0.0150269,0.0613216
0.0430246,0.016315,0.0613685
0.0425762,0.0175912,0.0614156
0.0420901,0.0188544,0.0614631
0.0415669,0.0201035,0.061511
0.0410069,0.0213374,0.0615593
0.0404106,0.022555,0.0616059
0.0397785,0.0237553,0.061653
0.0391111,0.0249373,0.0617007
0.038409,0.0260998,0.0617489
0.0376727,0.027242,0.0617955
0.0369029,0.0283627,0.0618429
0.0361002,0.0294611,0.0618909
0.0352653,0.0305362,0.0619375
0.0343988,0.031587,0.061985
0.0335015,0.0326127,0.062031
0.0325742,0.0336123,0.062078
0.0316176,0.034585,0.0621236
0.0306325,0.03553,0.0621703
0.0296197,0.0364463,0.0622157
0.0285801,0.0373333,0.0622622
0.0275145,0.0381902,0.0623077
0.0264239,0.0390162,0.0623541
0.0253091,0.0398106,0.0623995
0.0241711,0.0405726,0.0624461
0.0230107,0.0413018,0.0624919
0.0218291,0.0419973,0.0625367
0.0206271,0.0426587,0.0625827
0.0194058,0.0432853,0.062628
0.0181662,0.0438766,0.0626724
0.0169093,0.0444321,0.0627183
0.0156362,0.0449513,0.0627635
0.0143478,0.0454337,0.062808
0.0130454,0.0458789,0.0628541
0.0117299,0.0462865,0.0628995
0.0104025,0.0466562,0.0629444
0.00906419,0.0469876,0.0629887
0.00771618,0.0472805,0.0630325
0.00635956,0.0475345,0.0630758
0.00499544,0.0477495,0.063121
0.00362496,0.0479252,0.0631659
0.00224925,0.0480614,0.0632103
0.00086944,0.0481581,0.0632545
-0.000513321,0.0482151,0.0632984
-0.00189789,0.0482324,0.0633421
-0.00328313,0.04821,0.0633855
-0.0046679,0.0481477,0.0634288
-0.00605106,0.0480457,0.063472
-0.00743146,0.047904,0.0635152
-0.00880796,0.0477227,0.0635582
-0.0101794,0.047502,0.0636013
-0.0115448,0.047242,0.0636445
-0.0129028,0.0469428,0.0636877
-0.0142525,0.0466048,0.063731
-0.0155927,0.0462282,0.0637746
-0.0169222,0.0458132,0.063816
-0.0182401,0.0453602,0.0638576
-0.0195452,0.0448695,0.0638994
-0.0208364,0.0443416,0.0639417
-0.0221128,0.0437767,0.0639843
-0.0233732,0.0431754,0.0640273
-0.0246166,0.0425382,0.0640684
-0.0258421,0.0418654,0.0641099
-0.0270485,0.0411578,0.0641519
-0.028235,0.0404157,0.0641946
-0.0294005,0.0396398,0.0642355
-0.0305441,0.0388307,0.064277
-0.0316648,0.0379891,0.0643191
-0.0327618,0.0371155,0.0643597
-0.0338342,0.0362108,0.064401
-0.034881,0.0352755,0.0644431
-0.0359014,0.0343105,0.0644836
-0.0368946,0.0333164,0.0645249
-0.0378598,0.0322941,0.0645649
-0.0387962,0.0312444,0.0646056
-0.039703,0.0301681,0.0646452
-0.0405795,0.0290661,0.0646856
-0.041425,0.0279391,0.0647248
-0.0422387,0.0267882,0.0647651
-0.04302,0.0256142,0.0648041
-0.0437683,0.024418,0.0648443
-0.044483,0.0232006,0.0648834
-0.0451635,0.0219629,0.0649237
-0.0458091,0.0207059,0.0649629
-0.0464195,0.0194306,0.0650034
-0.046994,0.018138,0.065043
-0.0475323,0.0168291,0.0650815
-0.0480338,0.0155049,0.0651215
-0.0484982,0.0141665,0.0651606
-0.048925,0.0128149,0.0651987
-0.049314,0.0114512,0.0652385
-0.0496648,0.0100764,0.0652775
-0.049977,0.00869166,0.0653157
-0.0502505,0.00729801,0.0653557
-0.050485,0.00589656,0.0653949
-0.0506802,0.00448839,0.0654334
-0.0508361,0.00307461,0.0654713
-0.0509525,0.00165632,0.0655111
-0.0510292,0.000234632,0.0655504
-0.0510663,-0.00118935,0.0655891
-0.0510635,-0.00261451,0.0656273
-0.051021,-0.00403974,0.0656651
-0.0509388,-0.00546393,0.065705
-0.0508168,-0.00688598,0.0657445
-0.0506551,-0.00830477,0.0657837
-0.050454,-0.00971921,0.0658225
-0.0502134,-0.0111282,0.0658612
-0.0499336,-0.0125306,0.0658995
-0.0496147,-0.0139254,0.0659377
-0.0492571,-0.0153114,0.0659757
-0.0488609,-0.0166877,0.0660136
-0.0484264,-0.0180531,0.0660514
-0.047954,-0.0194066,0.0660892
-0.047444,-0.0207471,0.0661268
-0.0468967,-0.0220735,0.0661646
-0.0463126,-0.023385,0.0662024
-0.0456922,-0.0246804,0.0662403
-0.0450358,-0.0259587,0.0662784
-0.0443439,-0.027219,0.0663167
-0.0436171,-0.0284603,0.0663551
-0.0428559,-0.0296815,0.0663939
-0.0420609,-0.0308819,0.0664329
-0.0412327,-0.0320604,0.0664723
-0.0403718,-0.0332162,0.066512
-0.0394789,-0.0343483,0.0665494
-0.0385548,-0.0354559,0.0665874
-0.0375999,-0.0365381,0.0666257
-0.0366152,-0.0375941,0.0666645
-0.0356013,-0.0386231,0.0667041
-0.034559,-0.0396242,0.0667441
-0.033489,-0.0405968,0.0667819
-0.0323921,-0.04154,0.0668206
-0.0312693,-0.0424531,0.0668599
-0.0301212,-0.0433355,0.0668998
-0.0289488,-0.0441864,0.066938
-0.0277529,-0.0450052,0.0669769
-0.0265344,-0.0457912,0.0670166
-0.0252942,-0.0465439,0.0670545
-0.0240333,-0.0472627,0.0670934
-0.0227526,-0.0479469,0.0671331
-0.021453,-0.0485962,0.0671712
-0.0201355,-0.0492099,0.0672102
-0.0188012,-0.0497876,0.0672503
-0.0174508,-0.0503289,0.0672889
-0.0160856,-0.0508333,0.0673284
-0.0147065,-0.0513004,0.0673663
-0.0133144,-0.0517299,0.0674055
-0.0119106,-0.0521214,0.067446
-0.0104959,-0.0524747,0.0674849
-0.00907144,-0.0527894,0.0675252
-0.00763829,-0.0530652,0.067564
-0.00619749,-0.0533021,0.0676042
-0.00475012,-0.0534997,0.0676431
-0.00329724,-0.0536579,0.0676834
-0.00183993,-0.0537766,0.0677224
-0.00037926,-0.0538556,0.0677629
0.00108368,-0.053895,0.0678022
0.00254782,-0.0538945,0.067843
0.00401207,-0.0538543,0.0678827
0.00547535,-0.0537744,0.0679213
0.00693659,-0.0536547,0.0679616
0.0083947,-0.0534954,0.0680007
0.00984862,-0.0532965,0.0680416
0.0112973,-0.0530581,0.0680815
0.0127396,-0.0527805,0.0681204
0.0141745,-0.0524638,0.0681612
0.015601,-0.0521083,0.0682011
0.0170179,-0.0517141,0.06824
0.0184243,-0.0512816,0.0682809
0.0198192,-0.050811,0.0683209
0.0212014,-0.0503027,0.0683602
0.02257,-0.049757,0.0684015
0.023924,-0.0491743,0.0684421
0.0252624,-0.0485551,0.068482
0.0265842,-0.0478997,0.0685212
0.0278884,-0.0472086,0.0685626
0.0291742,-0.0464823,0.0686034
0.0304404,-0.0457213,0.0686435
0.0316863,-0.0449261,0.0686831
0.0329108,-0.0440974,0.0687249
0.0341132,-0.0432356,0.0687664
0.0352925,-0.0423415,0.0688073
0.0364478,-0.0414155,0.0688477
0.0375784,-0.0404585,0.0688879
0.0386834,-0.039471,0.0689275
0.0397619,-0.0384538,0.0689697
0.0408132,-0.0374076,0.0690116
0.0418366,-0.0363331,0.0690532
0.0428312,-0.0352311,0.0690945
0.0437964,-0.0341024,0.0691355
0.0447314,-0.0329477,0.0691762
0.0456356,-0.0317679,0.069217
0.0465082,-0.0305638,0.0692575
0.0473488,-0.0293363,0.0692978
0.0481565,-0.0280862,0.0693381
0.048931,-0.0268144,0.0693783
0.0496715,-0.0255218,0.0694185
0.0503775,-0.0242094,0.0694586
0.0510486,-0.022878,0.0694988
0.0516842,-0.0215287,0.069539
0.0522839,-0.0201622,0.0695792
0.0528472,-0.0187797,0.0696196
0.0533736,-0.0173821,0.0696601
0.053863,-0.0159704,0.0697008
0.0543147,-0.0145455,0.0697416
0.0547286,-0.0131085,0.0697827
0.0551043,-0.0116603,0.069824
0.0554415,-0.0102021,0.0698656
0.0557399,-0.00873486,0.0699074
0.0559995,-0.00725954,0.0699496
0.0562198,-0.00577723,0.0699921
0.0564009,-0.00428896,0.0700322
0.0565424,-0.00279579,0.0700726
0.0566444,-0.00129875,0.0701135
0.0567067,0.000201096,0.0701547
0.0567292,0.0017027,0.0701966
0.056712,0.00320501,0.0702389
0.056655,0.00470696,0.0702788
0.0565583,0.00620751,0.0703192
0.0564218,0.00770561,0.0703604
0.0562458,0.00920021,0.0704019
0.0560302,0.0106903,0.0704445
0.0557752,0.0121747,0.0704843
0.055481,0.0136525,0.0705254
0.0551478,0.0151227,0.0705662
0.0547758,0.0165841,0.070606
0.0543652,0.0180359,0.0706456
0.0539163,0.0194769,0.070687
0.0534293,0.0209062,0.0707278
0.0529047,0.0223227,0.070768
0.0523428,0.0237256,0.0708084
0.0517439,0.0251137,0.07085
0.0511084,0.0264862,0.0708923
0.0504368,0.0278421,0.0709329
0.0497295,0.0291804,0.0709735
0.048987,0.0305002,0.0710135
0.0482098,0.0318005,0.0710537
0.0473984,0.0330806,0.0710956
0.0465534,0.0343394,0.071137
0.0456752,0.0355762,0.0711753
0.0447646,0.03679,0.0712146
0.0438221,0.03798,0.0712535
0.0428483,0.0391454,0.0712954
0.041844,0.0402854,0.0713384
0.0408098,0.0413991,0.0713749
0.0397463,0.0424859,0.0714146
0.0386543,0.0435449,0.0714555
0.0375346,0.0445754,0.071496
0.0363879,0.0455767,0.0715337
0.0352149,0.0465481,0.0715725
0.0340165,0.0474889,0.0716113
0.0327935,0.0483985,0.0716535
0.0315466,0.0492763,0.0716905
0.0302768,0.0501215,0.0717279
0.0289848,0.0509338,0.0717685
0.0276717,0.0517124,0.0718088
0.0263381,0.0524568,0.0718464
0.024985,0.0531665,0.0718851
0.0236134,0.0538411,0.0719249
0.0222242,0.05448,0.0719612
0.0208183,0.0550828,0.0719975
0.0193966,0.0556491,0.0720374
0.0179601,0.0561784,0.0720782
0.0165097,0.0566705,0.0721152
0.0150465,0.0571249,0.0721524
0.0135714,0.0575414,0.0721934
0.0120854,0.0579196,0.0722294
0.0105895,0.0582593,0.0722672
0.00908471,0.0585602,0.0723071
0.00757203,0.0588222,0.0723424
0.00605246,0.0590449,0.0723803
0.00452706,0.0592283,0.0724188
0.00299681,0.0593723,0.0724548
0.00146274,0.0594766,0.072492
-7.4118e-05,0.0595413,0.0725321
-0.00161272,0.0595662,0.0725664
-0.00315207,0.0595513,0.0726047
-0.00469111,0.0594967,0.0726434
-0.00622884,0.0594024,0.0726797
-0.00776422,0.0592683,0.0727176
-0.00929623,0.0590945,0.0727517
-0.0108238,0.0588813,0.0727872
-0.012346,0.0586286,0.0728265
-0.0138618,0.0583367,0.0728601
-0.0153701,0.0580057,0.0728978
-0.01687,0.0576359,0.0729362
-0.0183605,0.0572274,0.0729724
-0.0198405,0.0567805,0.0730094
-0.0213091,0.0562955,0.0730442
-0.0227653,0.0557727,0.0730798
-0.0242081,0.0552125,0.0731133
-0.0256367,0.0546151,0.0731476
-0.0270499,0.053981,0.0731864
-0.028447,0.0533106,0.07322
-0.0298269,0.0526043,0.0732577
-0.0311888,0.0518625,0.0732901
-0.0325317,0.0510858,0.0733268
-0.0338548,0.0502746,0.0733647
-0.0351571,0.0494294,0.0734006
-0.0364379,0.0485508,0.0734378
-0.0376962,0.0476394,0.0734728
-0.0389313,0.0466957,0.0735094
-0.0401423,0.0457204,0.0735439
-0.0413284,0.044714,0.0735795
-0.0424888,0.0436773,0.0736135
-0.0436228,0.0426108,0.0736488
-0.0447296,0.0415153,0.0736821
-0.0458085,0.0403915,0.0737171
-0.0468587,0.0392401,0.07375
-0.0478796,0.0380618,0.0737846
-0.0488705,0.0368574,0.0738173
-0.0498307,0.0356276,0.0738517
-0.0507597,0.0343734,0.0738841
-0.0516567,0.0330953,0.0739185
-0.0525212,0.0317944,0.0739509
-0.0533525,0.0304714,0.0739853
-0.0541503,0.0291272,0.0740179
-0.0549139,0.0277626,0.0740524
-0.0556428,0.0263784,0.0740849
-0.0563366,0.0249757,0.0741198
-0.0569947,0.0235553,0.0741526
-0.0576168,0.0221181,0.0741877
-0.0582024,0.0206651,0.074221
-0.0587512,0.019197,0.0742565
-0.0592627,0.017715,0.0742902
-0.0597367,0.01622,0.0743262
-0.0601727,0.0147128,0.0743605
-0.0605706,0.0131945,0.0743972
-0.06093,0.0116661,0.0744322
-0.0612507,0.0101285,0.0744629
-0.0615325,0.00858269,0.0744986
-0.0617751,0.00702969,0.07453
-0.0619785,0.00547045,0.0745667
-0.0621424,0.00390601,0.0745991
-0.0622668,0.00233735,0.0746299
-0.0623516,0.00076547,0.0746633
-0.0623966,-0.000808631,0.0746952
-0.0624018,-0.00238393,0.0747299
-0.0623673,-0.00395945,0.0747629
-0.0622931,-0.00553416,0.0747988
-0.062179,-0.00710707,0.0748331
-0.0620254,-0.00867718,0.0748636
-0.0618321,-0.0102435,0.0748993
-0.0615993,-0.011805,0.0749311
-0.0613272,-0.0133607,0.0749615
-0.0610159,-0.0149096,0.074995
-0.0606655,-0.0164508,0.0750269
-0.0602764,-0.0179832,0.075062
-0.0598487,-0.0195059,0.0750958
-0.0593827,-0.0210179,0.0751258
-0.0588786,-0.0225182,0.0751612
-0.0583368,-0.024006,0.0751931
-0.0577577,-0.0254802,0.0752236
-0.0571414,-0.0269399,0.0752576
-0.0564885,-0.0283842,0.0752897
-0.0557994,-0.0298122,0.0753257
-0.0550744,-0.031223,0.0753605
-0.0543139,-0.0326156,0.0753919
-0.0535186,-0.0339893,0.0754282
-0.0526887,-0.0353431,0.0754623
-0.051825,-0.0366761,0.0754931
-0.0509278,-0.0379876,0.0755233
-0.0499977,-0.0392766,0.0755571
-0.0490353,-0.0405425,0.0755893
-0.0480413,-0.0417843,0.0756254
-0.0470161,-0.0430013,0.0756606
-0.0459605,-0.0441928,0.0756926
-0.0448751,-0.0453579,0.075722
-0.0437605,-0.046496,0.075758
-0.0426174,-0.0476062,0.0757906
-0.0414466,-0.048688,0.0758209
-0.0402488,-0.0497406,0.0758504
-0.0390246,-0.0507634,0.075884
-0.0377749,-0.0517557,0.075915
-0.0365004,-0.0527169,0.0759458
-0.0352019,-0.0536463,0.0759804
-0.0338802,-0.0545435,0.0760127
-0.0325361,-0.0554078,0.0760446
-0.0311704,-0.0562386,0.0760806
-0.029784,-0.0570355,0.0761143
-0.0283777,-0.057798,0.0761476
-0.0269525,-0.0585255,0.0761779
-0.025509,-0.0592176,0.0762132
-0.0240484,-0.0598739,0.0762482
-0.0225713,-0.0604939,0.0762803
-0.0210788,-0.0610773,0.0763102
-0.0195718,-0.0616236,0.0763469
-0.0180511,-0.0621326,0.0763811
-0.0165178,-0.0626038,0.0764131
-0.0149727,-0.0630371,0.0764447
-0.0134169,-0.0634321,0.0764809
-0.0118512,-0.0637885,0.0765152
-0.0102765,-0.0641062,0.0765492
-0.00869401,-0.0643849,0.0765805
-0.00710453,-0.0646244,0.0766173
-0.00550905,-0.0648247,0.0766537
-0.00390856,-0.0649854,0.0766876
-0.00230404,-0.0651066,0.0767198
-0.000696454,-0.0651881,0.0767517
0.000913201,-0.0652299,0.0767885
0.00252394,-0.065232,0.0768236
0.0041348,-0.0651942,0.0768581
0.00574478,-0.0651167,0.0768905
0.00735289,-0.0649995,0.0769212
0.00895819,-0.0648426,0.0769519
0.0105597,-0.0646461,0.0769877
0.0121564,-0.0644101,0.0770219
0.0137473,-0.0641347,0.0770546
0.0153315,-0.0638201,0.0770874
0.016908,-0.0634665,0.077118
0.0184759,-0.0630741,0.0771546
0.0200341,-0.0626431,0.0771897
0.0215819,-0.0621738,0.0772248
0.0231181,-0.0616663,0.077258
0.0246419,-0.0611211,0.0772898
0.0261523,-0.0605384,0.0773276
0.0276485,-0.0599185,0.0773656
0.0291296,-0.0592619,0.0774016
0.0305945,-0.0585689,0.0774363
0.0320425,-0.05784,0.0774698
0.0334726,-0.0570755,0.0775032
0.0348841,-0.0562758,0.077535
0.036276,-0.0554416,0.077573
0.0376475,-0.0545732,0.0776099
0.0389977,-0.0536711,0.0776472
0.0403259,-0.052736,0.0776827
0.0416313,-0.0517683,0.077717
0.042913,-0.0507686,0.0777501
0.0441703,-0.0497375,0.0777824
0.0454024,-0.0486756,0.077815
0.0466085,-0.0475836,0.0778536
0.0477881,-0.046462,0.077891
0.0489402,-0.0453116,0.0779276
0.0500643,-0.044133,0.0779634
0.0511596,-0.0429269,0.0779992
0.0522255,-0.041694,0.0780339
0.0532614,-0.0404351,0.0780675
0.0542666,-0.0391509,0.0781003
0.0552405,-0.0378421,0.0781321
0.0561825,-0.0365095,0.0781645
0.057092,-0.0351539,0.0782032
0.0579686,-0.0337761,0.0782411
0.0588116,-0.0323769,0.0782783
0.0596206,-0.0309571,0.0783148
0.060395,-0.0295176,0.0783514
0.0611344,-0.0280592,0.078387
0.0618384,-0.0265828,0.0784218
0.0625065,-0.0250893,0.0784561
0.0631383,-0.0235794,0.0784896
0.0637335,-0.0220541,0.078524
0.0642916,-0.0205143,0.0785572
0.0648123,-0.018961,0.07859
0.0652953,-0.0173949,0.0786223
0.0657403,-0.015817,0.0786543
0.066147,-0.0142284,0.0786935
0.0665153,-0.0126298,0.0787325
0.0668447,-0.0110222,0.0787711
0.0671353,-0.00940658,0.0788094
0.0673866,-0.00778388,0.0788475
0.0675987,-0.00615505,0.0788853
0.0677714,-0.00452103,0.078923
0.0679045,-0.00288278,0.0789607
0.0679979,-0.00124126,0.0789984
0.0680517,0.000402581,0.0790365
0.0680657,0.0020478,0.0790759
0.0680399,0.00369342,0.0791159
0.0679743,0.00533848,0.0791546
0.067869,0.00698199,0.0791931
0.067724,0.00862301,0.0792314
0.0675394,0.0102606,0.0792696
0.0673152,0.0118937,0.0793077
0.0670516,0.0135215,0.0793456
0.0667488,0.015143,0.0793835
0.0664068,0.0167572,0.0794214
0.0660259,0.0183632,0.0794593
0.0656063,0.0199601,0.0794971
0.0651482,0.0215469,0.0795349
0.0646519,0.0231227,0.0795727
0.0641176,0.0246866,0.0796106
0.0635457,0.0262377,0.0796485
0.0629364,0.0277751,0.0796864
0.0622901,0.0292978,0.0797245
0.0616072,0.0308051,0.0797626
0.060888,0.0322959,0.0798008
0.060133,0.0337696,0.0798391
0.0593426,0.0352251,0.0798776
0.0585172,0.0366617,0.0799162
0.0576573,0.0380785,0.0799552
0.0567634,0.0394747,0.0799944
0.0558359,0.0408495,0.0800334
0.0548754,0.0422021,0.0800651
0.0538825,0.0435316,0.0800968
0.0528577,0.0448374,0.0801288
0.0518015,0.0461187,0.0801612
0.0507147,0.0473747,0.0801938
0.0495977,0.0486047,0.0802268
0.0484512,0.049808,0.0802601
0.0472759,0.0509839,0.0802936
0.0460725,0.0521317,0.0803278
0.0448416,0.0532507,0.0803623
0.0435838,0.0543403,0.0803973
0.0423,0.0553999,0.0804325
0.0409909,0.0564288,0.0804684
0.0396571,0.0574265,0.0805046
0.0382995,0.0583924,0.0805414
0.0369188,0.0593258,0.0805788
0.0355157,0.0602263,0.0806166
0.0340912,0.0610934,0.0806469
0.0326459,0.0619265,0.0806777
0.0311808,0.0627252,0.0807092
0.0296965,0.0634889,0.0807412
0.028194,0.0642173,0.0807741
0.0266742,0.0649099,0.0808073
0.0251378,0.0655663,0.0808412
0.0235857,0.0661862,0.0808758
0.0220189,0.0667691,0.0809113
0.0204381,0.0673148,0.0809475
0.0188444,0.0678229,0.0809761
0.0172385,0.0682931,0.0810056
0.0156214,0.0687251,0.0810358
0.013994,0.0691187,0.0810668
0.0123572,0.0694736,0.0810986
0.0107119,0.0697896,0.0811314
0.00905914,0.0700667,0.0811649
0.00739973,0.0703044,0.0811994
0.00573465,0.0705028,0.0812348
0.00406482,0.0706617,0.0812629
0.00239119,0.070781,0.0812918
0.000714693,0.0708607,0.0813218
-0.000963725,0.0709006,0.0813527
-0.00264312,0.0709007,0.0813847
-0.00432256,0.070861,0.0814176
-0.00600109,0.0707816,0.0814517
-0.00767778,0.0706624,0.0814868
-0.00935168,0.0705036,0.0815146
-0.0110219,0.0703052,0.0815437
-0.0126874,0.0700672,0.0815738
-0.0143473,0.0697898,0.081605
-0.0160007,0.0694733,0.0816375
-0.0176467,0.0691176,0.081671
-0.0192842,0.0687231,0.0816975
-0.0209125,0.0682898,0.0817252
-0.0225306,0.0678181,0.0817541
-0.0241376,0.0673083,0.0817844
-0.0257326,0.0667604,0.0818159
-0.0273148,0.066175,0.0818485
-0.0288831,0.0655522,0.0818828
-0.0304368,0.0648925,0.0819099
-0.0319749,0.0641961,0.0819383
-0.0334967,0.0634635,0.0819682
-0.0350013,0.062695,0.0819993
-0.0364878,0.061891,0.0820323
-0.0379554,0.0610521,0.0820579
-0.0394033,0.0601786,0.0820852
-0.0408306,0.0592711,0.0821139
-0.0422367,0.0583299,0.0821441
-0.0436206,0.0573557,0.0821759
-0.0449817,0.0563489,0.0822091
-0.0463191,0.0553101,0.0822357
-0.0476322,0.0542399,0.0822635
-0.0489201,0.0531389,0.0822932
-0.0501822,0.0520075,0.0823244
-0.0514178,0.0508466,0.0823574
-0.0526262,0.0496566,0.0823836
-0.0538067,0.0484383,0.0824113
-0.0549586,0.0471922,0.0824409
-0.0560814,0.0459192,0.0824724
-0.0571743,0.0446198,0.0824968
-0.0582368,0.0432947,0.082523
-0.0592683,0.0419448,0.082551
-0.0602682,0.0405707,0.0825811
-0.061236,0.0391731,0.0826127
-0.062171,0.0377529,0.0826377
-0.0630729,0.0363108,0.0826647
-0.063941,0.0348476,0.0826937
-0.0647749,0.033364,0.0827244
-0.0655742,0.031861,0.0827486
-0.0663384,0.0303392,0.0827747
-0.067067,0.0287995,0.0828029
-0.0677597,0.0272429,0.0828329
-0.068416,0.02567,0.0828652
-0.0690356,0.0240817,0.0828909
-0.0696182,0.022479,0.0829185
-0.0701634,0.0208627,0.0829483
-0.070671,0.0192336,0.0829803
-0.0711405,0.0175927,0.0830057
-0.0715719,0.0159408,0.0830332
-0.0719647,0.0142788,0.0830629
-0.0723188,0.0126077,0.083095
-0.072634,0.0109283,0.0831205
-0.0729102,0.00924147,0.0831482
-0.073147,0.00754824,0.0831782
-0.0733445,0.00584946,0.0832106
-0.0735025,0.00414607,0.0832364
-0.0736209,0.00243898,0.0832647
-0.0736995,0.000729118,0.0832953
-0.0737385,-0.000982602,0.0833194
-0.0737377,-0.00269525,0.083346
-0.0736971,-0.00440791,0.083375
-0.0736167,-0.00611964,0.0834065
-0.0734966,-0.00782954,0.0834316
-0.0733368,-0.00953667,0.0834591
-0.0731374,-0.0112401,0.0834893
-0.0728984,-0.012939,0.083513
-0.0726201,-0.0146323,0.0835394
-0.0723025,-0.0163192,0.0835683
-0.0719458,-0.0179988,0.0835998
-0.0715503,-0.0196701,0.0836251
-0.0711159,-0.0213323,0.083653
-0.0706431,-0.0229844,0.0836835
-0.0701321,-0.0246256,0.0837079
-0.069583,-0.0262551,0.0837349
-0.0689963,-0.0278718,0.0837646
-0.0683721,-0.029475,0.0837972
-0.0677109,-0.0310638,0.0838233
-0.0670129,-0.0326373,0.0838525
-0.0662786,-0.0341947,0.0838844
-0.0655083,-0.0357351,0.0839103
-0.0647024,-0.0372578,0.0839388
-0.0638613,-0.0387619,0.0839703
-0.0629855,-0.0402466,0.0839958
-0.0620754,-0.0417111,0.084024
-0.0611315,-0.0431547,0.0840552
-0.0601543,-0.0445764,0.0840802
-0.0591443,-0.0459757,0.0841083
-0.058102,-0.0473517,0.0841395
-0.0570281,-0.0487037,0.0841647
-0.0559229,-0.0500309,0.0841927
-0.0547872,-0.0513328,0.0842241
-0.0536215,-0.0526084,0.0842493
-0.0524264,-0.0538573,0.0842777
-0.0512025,-0.0550787,0.084309
-0.0499506,-0.0562719,0.0843346
-0.0486711,-0.0574364,0.0843634
-0.0473649,-0.0585714,0.0843951
-0.0460326,-0.0596764,0.0844212
-0.0446748,-0.0607509,0.0844503
-0.0432924,-0.0617941,0.0844826
-0.041886,-0.0628056,0.0845091
-0.0404563,-0.0637848,0.084539
-0.0390042,-0.0647312,0.0845721
-0.0375303,-0.0656443,0.0845993
-0.0360354,-0.0665236,0.0846301
-0.0345204,-0.0673686,0.0846639
-0.032986,-0.0681788,0.0846922
-0.0314329,-0.0689539,0.0847236
-0.0298621,-0.0696935,0.0847494
-0.0282744,-0.070397,0.0847787
-0.0266705,-0.0710642,0.0848113
-0.0250513,-0.0716946,0.0848384
-0.0234177,-0.072288,0.0848688
-0.0217704,-0.072844,0.0849027
-0.0201104,-0.0733623,0.084931
-0.0184386,-0.0738426,0.0849628
-0.0167557,-0.0742847,0.084989
-0.0150628,-0.0746884,0.0850187
-0.0133606,-0.0750533,0.0850521
-0.01165,-0.0753794,0.0850798
-0.00993195,-0.0756664,0.0851111
-0.00820735,-0.0759141,0.0851461
-0.00647707,-0.0761225,0.0851756
-0.00474202,-0.0762914,0.0852087
-0.0030031,-0.0764207,0.0852362
-0.00126122,-0.0765103,0.0852675
0.000482727,-0.0765602,0.0853025
0.00222782,-0.0765703,0.085332
0.00397317,-0.0765407,0.0853653
0.00571785,-0.0764712,0.0853931
0.00746097,-0.0763621,0.0854246
0.00920161,-0.0762132,0.08546
0.0109389,-0.0760247,0.08549
0.0126719,-0.0757966,0.0855238
0.0143997,-0.0755291,0.0855522
0.0161214,-0.0752223,0.0855844
0.0178362,-0.0748763,0.0856207
0.0195431,-0.0744913,0.0856514
0.0212413,-0.0740675,0.0856861
0.0229299,-0.0736051,0.0857156
0.024608,-0.0731044,0.085749
0.0262747,-0.0725655,0.0857769
0.0279292,-0.0719887,0.0858087
0.0295706,-0.0713744,0.0858449
0.0311981,-0.0707229,0.0858756
0.0328108,-0.0700344,0.0859103
0.0344079,-0.0693093,0.0859398
0.0359885,-0.0685479,0.0859734
0.0375519,-0.0677508,0.0860017
0.0390973,-0.0669181,0.0860341
0.0406238,-0.0660505,0.0860709
0.0421306,-0.0651483,0.0861021
0.043617,-0.0642119,0.0861377
0.0450823,-0.0632419,0.086168
0.0465255,-0.0622387,0.0862027
0.0479461,-0.0612028,0.0862316
0.0493433,-0.0601348,0.0862654
0.0507163,-0.0590351,0.0862937
0.0520644,-0.0579044,0.0863265
0.053387,-0.0567432,0.0863636
0.0546834,-0.0555521,0.0863954
0.0559528,-0.0543317,0.0864316
0.0571947,-0.0530827,0.0864625
0.0584084,-0.0518056,0.0864981
0.0595933,-0.050501,0.0865285
0.0607487,-0.0491697,0.086563
0.0618741,-0.0478123,0.0865927
0.0629688,-0.0464296,0.0866267
0.0640324,-0.0450221,0.0866558
0.0650642,-0.0435906,0.086689
0.0660638,-0.0421359,0.0867177
0.0670306,-0.0406586,0.0867504
0.0679641,-0.0391595,0.086788
0.0688639,-0.0376394,0.0868205
0.0697294,-0.0360991,0.0868576
0.0705603,-0.0345392,0.0868896
0.071356,-0.0329606,0.0869261
0.0721162,-0.0313641,0.0869579
0.0728406,-0.0297505,0.0869942
0.0735286,-0.0281206,0.0870255
0.07418,-0.0264752,0.0870614
0.0747944,-0.0248152,0.0870925
0.0753715,-0.0231414,0.0871282
0.075911,-0.0214545,0.0871589
0.0764126,-0.0197556,0.0871945
0.076876,-0.0180454,0.087225
0.0773011,-0.0163247,0.0872605
0.0776875,-0.0145946,0.0872909
0.0780352,-0.0128557,0.0873261
0.0783438,-0.011109,0.0873566
0.0786132,-0.00935544,0.0873918
0.0788433,-0.0075958,0.0874221
0.079034,-0.00583099,0.0874574
0.0791851,-0.0040619,0.0874877
0.0792966,-0.00228941,0.0875231
0.0793684,-0.000514426,0.0875535
0.0794005,0.00126218,0.0875889
0.0793927,0.0030395,0.0876195
0.0793452,0.00481666,0.0876551
0.079258,0.00659277,0.0876859
0.0791309,0.00836692,0.0877218
0.0789643,0.0101382,0.0877528
0.078758,0.0119058,0.0877889
0.0785122,0.0136688,0.0878202
0.078227,0.0154264,0.0878566
0.0779025,0.0171775,0.0878882
0.0775389,0.0189214,0.0879251
0.0771364,0.0206572,0.0879571
0.0766951,0.022384,0.0879944
0.0762153,0.024101,0.0880269
0.0756971,0.0258072,0.0880549
0.0751409,0.0275019,0.0880878
0.0745469,0.0291842,0.088116
0.0739154,0.0308533,0.0881497
0.0732467,0.0325083,0.0881786
0.0725411,0.0341484,0.0882128
0.0717989,0.0357728,0.0882424
0.0710206,0.0373806,0.0882771
0.0702064,0.0389711,0.0883074
0.0693569,0.0405435,0.088343
0.0684723,0.042097,0.0883741
0.0675532,0.0436308,0.0884104
0.0665999,0.0451442,0.0884422
0.065613,0.0466364,0.0884694
0.0645929,0.0481066,0.0885022
0.0635401,0.0495542,0.0885303
0.0624552,0.0509783,0.088564
0.0613386,0.0523784,0.0885929
0.0601909,0.0537536,0.0886273
0.0590126,0.0551034,0.0886574
0.0578044,0.056427,0.0886931
0.0565668,0.0577238,0.0887242
0.0553004,0.0589931,0.0887509
0.0540058,0.0602344,0.088783
0.0526838,0.0614469,0.0888108
0.0513348,0.0626301,0.0888443
0.0499596,0.0637834,0.0888732
0.0485588,0.0649062,0.0889077
0.0471332,0.065998,0.0889378
0.0456833,0.0670582,0.0889637
0.04421,0.0680863,0.0889952
0.0427139,0.0690818,0.0890222
0.0411958,0.0700442,0.0890551
0.0396564,0.0709729,0.0890837
0.0380964,0.0718676,0.0891183
0.0365166,0.0727278,0.0891481
0.0349178,0.0735531,0.0891737
0.0333008,0.074343,0.089205
0.0316663,0.0750971,0.0892321
0.0300151,0.0758152,0.0892651
0.0283481,0.0764967,0.0892939
0.026666,0.0771415,0.0893182
0.0249697,0.0777491,0.0893486
0.0232599,0.0783192,0.0893747
0.0215376,0.0788516,0.0894068
0.0198035,0.079346,0.0894346
0.0180585,0.0798021,0.0894684
0.0163035,0.0802198,0.0894981
0.0145392,0.0805988,0.0895235
0.0127666,0.0809388,0.089555
0.0109865,0.0812398,0.0895823
0.00919978,0.0815016,0.0896157
0.00740728,0.081724,0.089645
0.00560988,0.0819069,0.0896701
0.00380846,0.0820503,0.0897013
0.00200387,0.082154,0.0897285
0.000197012,0.082218,0.0897514
-0.00161126,0.0822422,0.0897807
-0.00342006,0.0822267,0.0898058
-0.00522852,0.0821714,0.0898372
-0.00703576,0.0820763,0.0898645
-0.00884091,0.0819415,0.0898877
-0.0106431,0.081767,0.0899172
-0.0124414,0.0815529,0.0899428
-0.0142351,0.0812993,0.0899747
-0.0160232,0.0810064,0.0900025
-0.0178048,0.0806741,0.0900263
-0.0195792,0.0803028,0.0900566
-0.0213454,0.0798926,0.0900829
-0.0231026,0.0794435,0.0901052
-0.0248499,0.078956,0.0901339
-0.0265865,0.0784301,0.0901588
-0.0283117,0.0778662,0.09019
-0.0300244,0.0772644,0.0902175
-0.031724,0.0766251,0.0902409
-0.0334095,0.0759486,0.090271
-0.0350803,0.0752352,0.0902971
-0.0367354,0.0744852,0.0903195
-0.0383741,0.0736989,0.0903483
-0.0399956,0.0728768,0.0903734
-0.0415991,0.0720192,0.0903947
-0.0431838,0.0711265,0.0904227
-0.044749,0.0701992,0.0904466
-0.0462939,0.0692377,0.0904776
-0.0478178,0.0682423,0.0905045
-0.0493199,0.0672137,0.0905276
-0.0507996,0.0661523,0.0905579
-0.0522561,0.0650585,0.0905843
-0.0536886,0.0639329,0.0906068
-0.0550966,0.0627761,0.0906362
-0.0564794,0.0615885,0.0906619
-0.0578362,0.0603707,0.0906838
-0.0591664,0.0591234,0.0907126
-0.0604695,0.057847,0.0907377
-0.0617446,0.0565422,0.0907592
-0.0629914,0.0552096,0.0907876
-0.0642091,0.0538498,0.0908123
-0.0653971,0.0524635,0.0908336
-0.0665549,0.0510513,0.0908616
-0.067682,0.0496139,0.0908864
-0.0687778,0.048152,0.0909072
-0.0698417,0.0466662,0.0909355
-0.0708733,0.0451572,0.09096
-0.071872,0.0436258,0.0909808
-0.0728374,0.0420727,0.0910089
-0.073769,0.0404986,0.0910336
-0.0746664,0.0389042,0.0910545
-0.0755291,0.0372903,0.0910827
-0.0763568,0.0356577,0.0911075
-0.0771489,0.0340071,0.0911287
-0.0779052,0.0323392,0.0911572
-0.0786252,0.030655,0.0911822
-0.0793087,0.0289551,0.0912038
-0.0799552,0.0272404,0.0912328
-0.0805646,0.0255117,0.0912584
-0.0811364,0.0237697,0.0912803
-0.0816704,0.0220154,0.0913098
-0.0821663,0.0202494,0.0913359
-0.082624,0.0184727,0.0913586
-0.0830431,0.0166861,0.0913888
-0.0834235,0.0148905,0.0914155
-0.083765,0.0130866,0.0914391
-0.0840674,0.0112752,0.0914592
-0.0843305,0.0094574,0.0914869
-0.0845543,0.00763386,0.0915112
-0.0847386,0.00580548,0.0915323
-0.0848833,0.00397312,0.091561
-0.0849884,0.00213763,0.0915864
-0.0850537,0.000299885,0.0916085
-0.0850793,-0.00153927,0.0916383
-0.0850651,-0.00337897,0.0916648
-0.0850112,-0.00521835,0.0916881
-0.0849174,-0.00705656,0.0917082
-0.084784,-0.00889274,0.0917361
-0.0846109,-0.010726,0.0917607
-0.0843981,-0.0125556,0.0917822
-0.0841459,-0.0143805,0.0918114
-0.0838542,-0.0162,0.0918376
-0.0835233,-0.0180131,0.0918606
-0.0831532,-0.0198191,0.0918805
-0.0827442,-0.0216172,0.0919081
-0.0822964,-0.0234064,0.0919327
-0.0818099,-0.0251859,0.0919543
-0.0812852,-0.0269549,0.0919837
-0.0807222,-0.0287126,0.0920102
-0.0801215,-0.0304582,0.0920333
-0.079483,-0.0321908,0.0920537
-0.0788073,-0.0339096,0.092082
-0.0780945,-0.0356139,0.0921073
-0.0773451,-0.0373028,0.0921297
-0.0765593,-0.0389756,0.0921601
-0.0757375,-0.0406314,0.0921874
-0.07488,-0.0422696,0.0922117
-0.0739874,-0.0438893,0.0922333
-0.0730599,-0.0454898,0.0922631
-0.0720979,-0.0470703,0.0922897
-0.071102,-0.0486302,0.0923136
-0.0700726,-0.0501686,0.0923344
-0.0690101,-0.0516849,0.0923634
-0.0679151,-0.0531784,0.0923894
-0.066788,-0.0546483,0.0924127
-0.0656293,-0.056094,0.0924334
-0.0644395,-0.0575148,0.0924622
-0.0632193,-0.0589101,0.0924879
-0.0619692,-0.0602792,0.0925111
-0.0606896,-0.0616214,0.0925424
-0.0593813,-0.0629362,0.0925711
-0.0580448,-0.0642229,0.0925969
-0.0566808,-0.065481,0.0926199
-0.0552897,-0.0667098,0.0926516
-0.0538723,-0.0679088,0.0926802
-0.0524293,-0.0690774,0.0927062
-0.0509612,-0.0702151,0.0927294
-0.0494688,-0.0713213,0.0927612
-0.0479527,-0.0723956,0.0927901
-0.0464136,-0.0734374,0.0928164
-0.0448522,-0.0744462,0.09284
-0.0432692,-0.0754217,0.0928723
-0.0416654,-0.0763633,0.0929018
-0.0400415,-0.0772705,0.0929288
-0.0383981,-0.078143,0.092953
-0.0367361,-0.0789804,0.0929744
-0.0350563,-0.0797822,0.0930047
-0.0333593,-0.0805482,0.0930323
-0.0316459,-0.0812778,0.0930572
-0.029917,-0.0819709,0.0930797
-0.0281733,-0.082627,0.0931107
-0.0264155,-0.0832459,0.0931393
-0.0246446,-0.0838273,0.0931653
-0.0228613,-0.0843709,0.0931886
-0.0210664,-0.0848764,0.0932209
-0.0192608,-0.0853436,0.0932506
-0.0174451,-0.0857724,0.0932779
-0.0156204,-0.0861623,0.0933024
-0.0137874,-0.0865134,0.0933361
-0.0119468,-0.0868254,0.0933672
-0.0100997,-0.0870982,0.0933957
-0.00824675,-0.0873317,0.0934218
-0.00638885,-0.0875256,0.0934455
-0.00452683,-0.08768,0.0934782
-0.00266153,-0.0877948,0.0935083
-0.000793812,-0.0878698,0.0935361
0.00107549,-0.0879051,0.0935614
0.00294553,-0.0879006,0.0935843
0.00481546,-0.0878564,0.0936163
0.00668443,-0.0877724,0.0936459
0.00855161,-0.0876486,0.0936731
0.0104161,-0.0874851,0.0936979
0.0122772,-0.087282,0.0937319
0.0141339,-0.0870394,0.0937635
0.0159854,-0.0867573,0.0937928
0.0178309,-0.0864359,0.0938197
0.0196696,-0.0860754,0.0938444
0.0215006,-0.0856757,0.0938782
0.0233232,-0.0852372,0.0939099
0.0251364,-0.0847601,0.093939
0.0269394,-0.0842445,0.093966
0.0287315,-0.0836906,0.0939907
0.0305119,-0.0830988,0.0940248
0.0322797,-0.0824691,0.0940565
0.0340341,-0.0818021,0.094086
0.0357743,-0.0810978,0.0941132
0.0374997,-0.0803567,0.0941382
0.0392093,-0.079579,0.0941725
0.0409024,-0.0787651,0.0942048
0.0425783,-0.0779154,0.0942349
0.0442362,-0.0770302,0.0942628
0.0458753,-0.07611,0.0942885
0.0474949,-0.075155,0.0943236
0.0490943,-0.0741658,0.0943562
0.0506728,-0.0731428,0.0943872
0.0522296,-0.0720864,0.0944159
0.0537641,-0.0709971,0.0944424
0.0552755,-0.0698753,0.0944666
0.0567632,-0.0687216,0.0945006
0.0582265,-0.0675365,0.0945321
0.0596648,-0.0663205,0.094562
0.0610774,-0.0650742,0.0945896
0.0624636,-0.063798,0.0946154
0.0638229,-0.0624925,0.0946507
0.0651546,-0.0611584,0.0946841
0.0664582,-0.0597962,0.0947149
0.0677329,-0.0584065,0.0947441
0.0689784,-0.0569899,0.0947712
0.070194,-0.0555471,0.0947964
0.0713791,-0.0540786,0.0948311
0.0725333,-0.0525852,0.0948638
0.073656,-0.0510675,0.0948948
0.0747467,-0.0495261,0.0949237
0.0758049,-0.0479617,0.0949505
0.0768301,-0.0463751,0.0949753
0.077822,-0.044767,0.0950102
0.0787799,-0.0431379,0.095043
0.0797036,-0.0414887,0.0950739
0.0805925,-0.0398201,0.0951027
0.0814463,-0.0381328,0.0951298
0.0822647,-0.0364275,0.0951548
0.0830471,-0.0347051,0.0951899
0.0837933,-0.0329662,0.0952229
0.084503,-0.0312116,0.0952543
0.0851758,-0.0294422,0.0952836
0.0858113,-0.0276586,0.0953111
0.0864094,-0.0258617,0.0953369
0.0869698,-0.0240523,0.0953724
0.0874921,-0.0222311,0.0954063
0.0879762,-0.0203989,0.0954383
0.0884219,-0.0185566,0.0954685
0.0888288,-0.016705,0.0954969
0.0891969,-0.0148449,0.0955234
0.089526,-0.012977,0.0955482
0.0898159,-0.0111023,0.0955831
0.0900665,-0.00922151,0.0956162
0.0902777,-0.00733549,0.0956476
0.0904493,-0.00544507,0.0956772
0.0905813,-0.00355107,0.0957051
0.0906736,-0.00165432,0.0957312
0.0907261,0.000244334,0.0957556
0.090739,0.00214502,0.0959459
0.0907122,0.0040494,0.0967057
0.0906459,0.00595756,0.0979621
0.0905399,0.00786917,0.0996851
0.0903943,0.00978375,0.10186
0.0902089,0.0117007,0.104472
0.0899839,0.0136193,0.107517
0.089719,0.0155389,0.110978
0.0894144,0.0174586,0.11486
0.0890699,0.0193777,0.119154
0.0886858,0.0212954,0.123853
0.0882619,0.0232109,0.128945
0.0877984,0.0251232,0.134432
0.0872953,0.0270316,0.140301
0.0867527,0.0289351,0.146538
0.0861707,0.030833,0.153141
0.0855495,0.0327244,0.160106
0.0848892,0.0346083,0.167417
0.08419,0.036484,0.175057
0.0834522,0.0383505,0.183017
0.0826758,0.0402069,0.191292
0.0818611,0.0420525,0.199872
0.0810085,0.0438863,0.208736
0.0801181,0.0457075,0.217873
0.0791903,0.0475152,0.227272
0.0782254,0.0493085,0.236922
0.0772238,0.0510867,0.246809
0.0761857,0.0528487,0.256907
0.0751117,0.0545939,0.267204
0.074002,0.0563214,0.277684
0.0728572,0.0580302,0.288332
0.0716776,0.0597197,0.299131
0.0704638,0.061389,0.310067
0.0692162,0.0630374,0.321122
0.0679353,0.0646639,0.332269
0.0666216,0.0662678,0.343502
0.0652758,0.0678484,0.354795
0.0638983,0.0694049,0.366129
0.0624897,0.0709366,0.377502
0.0610506,0.0724428,0.388884
0.0595816,0.0739227,0.400262
0.0580834,0.0753756,0.411621
0.0565566,0.0768009,0.422933
0.0550017,0.078198,0.434198
0.0534196,0.0795661,0.445391
0.0518108,0.0809048,0.4565
0.0501761,0.0822133,0.467502
0.048516,0.083491,0.478398
0.0468314,0.0847375,0.489164
0.0451229,0.0859522,0.499775
0.0433912,0.0871346,0.510251
0.0416371,0.0882841,0.520569
0.0398611,0.0894004,0.530711
0.0380641,0.090483,0.540689
0.0362468,0.0915312,0.550416
0.03441,0.0925449,0.559967
0.0325543,0.0935235,0.569317
0.0306804,0.0944667,0.57847
0.028789,0.0953743,0.587414
0.0268806,0.0962458,0.59614
0.0249561,0.0970809,0.604639
0.023016,0.0978793,0.612915
0.0210612,0.0986407,0.620947
0.0190922,0.0993648,0.628727
0.0171098,0.100051,0.636247
0.0151146,0.1007,0.6435
0.0131075,0.101311,0.650479
0.0110892,0.101883,0.657192
0.00906024,0.102416,0.663618
0.00702149,0.102911,0.669752
0.00497367,0.103367,0.675589
0.0029175,0.103783,0.681125
0.000853739,0.10416,0.686339
-0.00121687,0.104498,0.691241
-0.00329358,0.104795,0.695829
-0.00537561,0.105053,0.700082
-0.00746222,0.105271,0.703999
-0.00955263,0.105448,0.707589
-0.0116461,0.105585,0.710836
-0.0137418,0.105682,0.713722
-0.0158389,0.105738,0.716257
-0.0179368,0.105753,0.718442
-0.0200346,0.105728,0.720257
-0.0221315,0.105662,0.721701
-0.0242267,0.105555,0.722772
-0.0263194,0.105408,0.723468
-0.0284088,0.10522,0.723772
-0.0304942,0.104991,0.723839
-0.0325748,0.104721,0.723899
-0.0346497,0.104412,0.723957
-0.0367183,0.104062,0.724016
-0.0387798,0.103673,0.724062
-0.0408334,0.103244,0.724114
-0.0428784,0.102776,0.724172
-0.0449141,0.102269,0.724225
-0.0469398,0.101723,0.724271
-0.0489555,0.101139,0.724582
-0.0509619,0.100516,0.725448
-0.0529587,0.0998545,0.72648
-0.0549455,0.0991545,0.727579
-0.0569215,0.0984163,0.728717
-0.0588861,0.09764,0.72988
-0.0608387,0.0968258,0.731045
-0.0627785,0.0959738,0.732224
-0.0647048,0.0950845,0.733398
-0.066617,0.094158,0.734581
-0.0685144,0.0931945,0.735759
-0.0703962,0.0921945,0.736929
-0.0722618,0.0911581,0.738109
-0.0741105,0.0900857,0.739283
-0.0759416,0.0889777,0.740451
-0.0777545,0.0878342,0.741613
-0.0795485,0.0866558,0.742769
-0.081323,0.0854427,0.743921
-0.0830773,0.0841954,0.745087
-0.0848108,0.0829141,0.746248
-0.0865228,0.0815994,0.747407
-0.0882127,0.0802515,0.748563
-0.08988,0.078871,0.749699
-0.091524,0.0774582,0.750834
-0.0931441,0.0760137,0.751968
-0.0947398,0.0745377,0.753101
-0.0963104,0.0730308,0.754234
-0.0978554,0.0714935,0.755368
-0.0993743,0.0699262,0.756502
-0.100867,0.0683294,0.757621
-0.102331,0.0667036,0.758742
-0.103769,0.0650493,0.759865
-0.105178,0.063367,0.760974
-0.106558,0.0616573,0.762086
-0.107909,0.0599207,0.763202
-0.10923,0.0581577,0.764305
-0.110521,0.0563688,0.765412
-0.111781,0.0545547,0.766508
-0.11301,0.0527158,0.767609
-0.114207,0.0508527,0.768699
-0.115372,0.0489661,0.769796
-0.116505,0.0470565,0.770882
-0.117605,0.0451245,0.771977
-0.118672,0.0431706,0.773061
-0.119705,0.0411956,0.774136
-0.120704,0.0391999,0.775222
-0.121669,0.0371843,0.776298
-0.122599,0.0351493,0.777366
-0.123494,0.0330955,0.778446
-0.124353,0.0310236,0.779519
-0.125177,0.0289343,0.780585
-0.125965,0.0268281,0.781644
-0.126716,0.0247057,0.782697
-0.127431,0.0225678,0.783765
-0.128109,0.020415,0.784828
-0.12875,0.0182479,0.785886
-0.129353,0.0160673,0.78694
-0.129919,0.0138738,0.78799
-0.130446,0.011668,0.789037
-0.130936,0.00945068,0.790081
-0.131388,0.00722244,0.791123
-0.131801,0.00498398,0.792163
-0.132175,0.00273597,0.793202
-0.132511,0.000479104,0.79424
-0.132808,-0.00178595,0.795277
-0.133066,-0.0040585,0.796314
-0.133284,-0.00633787,0.797351
-0.133464,-0.00862336,0.798368
-0.133603,-0.0109143,0.799387
-0.133704,-0.01321,0.800407
-0.133764,-0.0155097,0.80143
-0.133786,-0.0178129,0.802455
-0.133767,-0.0201187,0.803462
-0.133709,-0.0224265,0.804472
-0.133611,-0.0247356,0.805487
-0.133473,-0.0270453,0.806484
-0.133295,-0.029355,0.807486
-0.133078,-0.0316639,0.808493
-0.132821,-0.0339713,0.809485
-0.132524,-0.0362767,0.810483
-0.132188,-0.0385792,0.811487
-0.131812,-0.0408782,0.812476
-0.131396,-0.043173,0.813473
-0.130941,-0.045463,0.814457
-0.130446,-0.0477475,0.815448
-0.129912,-0.0500257,0.816427
-0.129339,-0.0522971,0.817414
-0.128727,-0.0545609,0.818389
-0.128076,-0.0568166,0.819375
-0.127386,-0.0590633,0.820348
-0.126658,-0.0613005,0.821332
-0.125891,-0.0635276,0.822306
-0.125086,-0.0657438,0.823269
-0.124243,-0.0679485,0.824244
-0.123362,-0.0701411,0.82521
-0.122443,-0.0723209,0.826166
-0.121487,-0.0744873,0.827135
-0.120493,-0.0766397,0.828095
-0.119463,-0.0787774,0.829048
-0.118396,-0.0808998,0.830015
-0.117292,-0.0830063,0.830975
-0.116152,-0.0850964,0.831928
-0.114977,-0.0871693,0.832873
-0.113765,-0.0892245,0.833812
-0.112519,-0.0912613,0.834768
-0.111237,-0.0932793,0.835718
-0.109921,-0.0952778,0.836663
-0.10857,-0.0972563,0.837603
-0.107186,-0.0992141,0.838538
-0.105767,-0.101151,0.839468
-0.104316,-0.103066,0.840394
-0.102831,-0.104958,0.841317
-0.101314,-0.106828,0.842261
-0.0997648,-0.108674,0.843203
-0.0981837,-0.110496,0.844141
-0.0965713,-0.112294,0.845077
-0.0949278,-0.114067,0.846012
-0.0932539,-0.115815,0.846945
-0.0915497,-0.117537,0.847878
-0.0898159,-0.119232,0.848809
-0.0880529,-0.1209,0.849716
-0.086261,-0.122541,0.850622
-0.0844408,-0.124153,0.851528
-0.0825926,-0.125738,0.852436
-0.0807171,-0.127293,0.853344
-0.0788146,-0.12882,0.854254
-0.0768856,-0.130317,0.855166
-0.0749307,-0.131783,0.85608
-0.0729503,-0.133219,0.856997
-0.0709449,-0.134624,0.857892
-0.0689151,-0.135998,0.85879
-0.0668613,-0.13734,0.859691
-0.0647841,-0.13865,0.860597
-0.0626839,-0.139927,0.861481
-0.0605614,-0.141171,0.86237
-0.0584171,-0.142382,0.863264
-0.0562515,-0.14356,0.864164
-0.0540651,-0.144704,0.865044
-0.0518585,-0.145813,0.86593
-0.0496323,-0.146888,0.866822
-0.0473871,-0.147927,0.867695
-0.0451233,-0.148932,0.868575
-0.0428416,-0.149901,0.869464
-0.0405425,-0.150834,0.870334
-0.0382267,-0.151732,0.871212
-0.0358946,-0.152593,0.872099
-0.033547,-0.153417,0.872969
-0.0311843,-0.154204,0.873848
-0.0288072,-0.154955,0.87471
-0.0264162,-0.155668,0.875583
-0.0240121,-0.156344,0.876439
-0.0215952,-0.156981,0.877306
-0.0191664,-0.157581,0.878184
-0.0167262,-0.158143,0.879048
-0.0142751,-0.158667,0.879923
-0.0118138,-0.159152,0.880783
-0.00934301,-0.159599,0.881657
-0.0068632,-0.160006,0.882516
-0.00437503,-0.160375,0.88336
-0.00187914,-0.160705,0.884219
0.000623864,-0.160996,0.885064
0.00313336,-0.161247,0.885924
0.00564872,-0.161459,0.886771
0.00816933,-0.161632,0.887633
0.0106946,-0.161765,0.888483
0.0132238,-0.161859,0.889321
0.0157564,-0.161913,0.890176
0.0182917,-0.161927,0.891019
0.0208292,-0.161902,0.89185
0.0233681,-0.161837,0.8927
0.0259079,-0.161732,0.893538
0.028448,-0.161587,0.894366
0.0309876,-0.161403,0.895214
0.0335263,-0.161179,0.896051
0.0360633,-0.160915,0.896878
0.0385981,-0.160611,0.897726
0.04113,-0.160267,0.898564
0.0436584,-0.159884,0.899395
0.0461827,-0.159462,0.900216
0.0487023,-0.159,0.901059
0.0512165,-0.158498,0.901895
0.0537248,-0.157958,0.902722
0.0562265,-0.157378,0.903542
0.058721,-0.156758,0.904356
0.0612078,-0.1561,0.905163
0.0636861,-0.155403,0.905993
0.0661555,-0.154667,0.906817
0.0686152,-0.153893,0.907635
0.0710648,-0.15308,0.908448
0.0735036,-0.152229,0.909256
0.075931,-0.15134,0.910058
0.0783464,-0.150413,0.910856
0.0807493,-0.149448,0.91168
0.083139,-0.148445,0.9125
0.0855151,-0.147405,0.913316
0.0878769,-0.146328,0.914129
0.0902238,-0.145215,0.914938
0.0925554,-0.144064,0.915745
0.0948709,-0.142877,0.916549
0.0971699,-0.141654,0.91735
0.0994518,-0.140395,0.91815
0.101716,-0.1391,0.918947
0.103962,-0.13777,0.919743
0.10619,-0.136405,0.920538
0.108398,-0.135005,0.921331
0.110586,-0.13357,0.922125
0.112754,-0.132102,0.922918
0.114901,-0.130599,0.92371
0.117027,-0.129063,0.924503
0.119131,-0.127493,0.925296
0.121213,-0.125891,0.926091
0.123272,-0.124256,0.926886
0.125307,-0.122589,0.927682
0.127319,-0.12089,0.92848
0.129307,-0.11916,0.929281
0.131269,-0.117398,0.930051
0.133207,-0.115606,0.930824
0.135118,-0.113783,0.931599
0.137004,-0.111931,0.932377
0.138863,-0.110049,0.93316
0.140694,-0.108137,0.933944
0.142499,-0.106197,0.934734
0.144275,-0.104229,0.935494
0.146023,-0.102233,0.93626
0.147742,-0.100209,0.93703
0.149432,-0.098158,0.937804
0.151093,-0.0960806,0.938584
0.152723,-0.093977,0.93937
0.154324,-0.0918478,0.940128
0.155893,-0.0896933,0.940893
0.157431,-0.0875141,0.941663
0.158938,-0.0853105,0.942441
0.160413,-0.0830831,0.943192
0.161856,-0.0808324,0.94395
0.163266,-0.0785588,0.944716
0.164643,-0.0762628,0.94549
0.165988,-0.0739449,0.946238
0.167298,-0.0716056,0.946994
0.168575,-0.0692455,0.94776
0.169817,-0.0668649,0.948499
0.171026,-0.0644645,0.949249
0.172199,-0.0620447,0.950008
0.173337,-0.0596061,0.950776
0.17444,-0.0571491,0.95152
0.175508,-0.0546744,0.952275
0.176539,-0.0521824,0.95304
0.177535,-0.0496736,0.953782
0.178494,-0.0471487,0.954535
0.179417,-0.0446081,0.955299
0.180303,-0.0420523,0.956041
0.181152,-0.0394821,0.956795
0.181963,-0.0368977,0.957525
0.182737,-0.0342999,0.958269
0.183474,-0.0316892,0.959024
0.184173,-0.0290661,0.959759
0.184833,-0.0264312,0.960507
0.185456,-0.0237851,0.961233
0.18604,-0.0211282,0.961973
0.186586,-0.0184612,0.962727
0.187094,-0.0157847,0.963461
0.187562,-0.0130992,0.964209
0.187992,-0.0104052,0.964937
0.188382,-0.0077034,0.96568
0.188734,-0.0049943,0.966403
0.189046,-0.00227848,0.967142
0.189319,0.000443476,0.967861
0.189553,0.003171,0.968597
0.189747,0.00590352,0.969313
0.189902,0.00864046,0.970046
0.190017,0.0113812,0.970761
0.190092,0.0141253,0.971493
0.190128,0.016872,0.972206
0.190124,0.0196209,0.972937
0.19008,0.0223712,0.973651
0.189996,0.0251226,0.974383
0.189873,0.0278743,0.975097
0.18971,0.0306258,0.975831
0.189507,0.0333766,0.976547
0.189265,0.036126,0.977283
0.188982,0.0388734,0.978003
0.18866,0.0416184,0.978705
0.188298,0.0443604,0.979429
0.187897,0.0470986,0.980135
0.187456,0.0498327,0.980863
0.186976,0.052562,0.981575
0.186456,0.0552859,0.982271
0.185897,0.058004,0.98299
0.185299,0.0607155,0.983693
0.184661,0.06342,0.984419
0.183985,0.0661169,0.985129
0.183269,0.0688056,0.985826
0.182515,0.0714856,0.986545
0.181722,0.0741564,0.98725
0.180891,0.0768173,0.987941
0.180021,0.0794678,0.988656
0.179112,0.0821074,0.989357
0.178166,0.0847355,0.990046
0.177182,0.0873516,0.990759
0.17616,0.0899551,0.991458
0.175101,0.0925456,0.992145
0.174004,0.0951224,0.992858
0.17287,0.0976851,0.993559
0.171699,0.100233,0.994247
0.170491,0.102766,0.994961
0.169247,0.105282,0.995365
0.167968,0.107781,0.995366
0.166653,0.110261,0.995381
0.165304,0.112722,0.995372
0.16392,0.115164,0.995379
0.162502,0.117587,0.995402
0.16105,0.119989,0.995404
0.159564,0.122371,0.995424
0.158045,0.124732,0.995424
0.156494,0.127071,0.995444
0.154909,0.129388,0.995443
0.153293,0.131683,0.995464
0.151645,0.133955,0.995466
0.149965,0.136204,0.995491
0.148254,0.138429,0.995499
0.146512,0.140631,0.99549
0.14474,0.142808,0.995507
0.142938,0.14496,0.995508
0.141106,0.147087,0.995536
0.139246,0.149188,0.995548
0.137356,0.151264,0.995548
0.135438,0.153314,0.995576
0.133491,0.155336,0.995591
0.131518,0.157332,0.995597
0.129516,0.159301,0.99559
0.127489,0.161242,0.995615
0.125434,0.163154,0.995628
0.123354,0.165039,0.995634
0.121248,0.166895,0.995632
0.119117,0.168722,0.995621
0.116961,0.17052,0.995643
0.114781,0.172288,0.99566
0.112577,0.174026,0.99567
0.11035,0.175735,0.995675
0.108099,0.177413,0.995674
0.105826,0.17906,0.99567
0.103531,0.180676,0.995663
0.101215,0.182261,0.995652
0.0988768,0.183815,0.99568
0.0965182,0.185337,0.995704
0.0941392,0.186827,0.995728
0.0917404,0.188284,0.995751
0.0893223,0.18971,0.995775
0.0868851,0.191103,0.995798
0.0844296,0.192463,0.995822
0.081956,0.19379,0.995847
0.0794648,0.195083,0.995833
0.0769566,0.196344,0.995823
0.0744318,0.19757,0.995815
0.0718908,0.198763,0.995811
0.0693342,0.199922,0.995811
0.0667623,0.201047,0.995815
0.0641757,0.202137,0.995825
0.0615749,0.203193,0.995841
0.0589603,0.204214,0.995863
0.0563324,0.205201,0.995851
0.0536916,0.206153,0.995846
0.0510385,0.20707,0.995849
0.0483735,0.207951,0.99586
0.0456971,0.208798,0.99588
0.0430098,0.209609,0.995868
0.0403121,0.210384,0.995866
0.0376044,0.211124,0.995875
0.0348871,0.211829,0.995895
0.0321609,0.212498,0.995884
0.0294262,0.213131,0.995886
0.0266834,0.213728,0.9959
0.023933,0.214289,0.995886
0.0211756,0.214814,0.995885
0.0184115,0.215303,0.995899
0.0156412,0.215756,0.995885
0.0128653,0.216173,0.995886
0.0100843,0.216554,0.995903
0.00729847,0.216899,0.995894
0.00450844,0.217207,0.995902
0.00171464,0.217479,0.995927
-0.00108245,0.217716,0.995928
-0.00388236,0.217915,0.995947
-0.00668461,0.218079,0.995942
-0.00948875,0.218207,0.995956
-0.0122943,0.218298,0.995947
-0.0151008,0.218353,0.995959
-0.0179078,0.218372,0.995949
-0.0207147,0.218355,0.99596
-0.0235213,0.218302,0.99595
-0.0263269,0.218213,0.995962
-0.0291312,0.218088,0.995955
-0.0319336,0.217927,0.99597
-0.0347337,0.21773,0.995966
-0.0375311,0.217498,0.995986
-0.0403253,0.21723,0.995988
-0.0431159,0.216926,0.995972
-0.0459023,0.216587,0.995981
-0.0486842,0.216212,0.995974
-0.0514612,0.215802,0.995993
-0.0542327,0.215357,0.995996
-0.0569983,0.214877,0.995982
-0.0597577,0.214361,0.995997
-0.0625103,0.213811,0.995997
-0.0652557,0.213226,0.995983
-0.0679935,0.212607,0.995997
-0.0707233,0.211953,0.995998
-0.0734446,0.211264,0.995987
-0.076157,0.210542,0.996005
-0.0788601,0.209785,0.996012
-0.0815535,0.208995,0.996006
-0.0842368,0.20817,0.996033
-0.0869095,0.207312,0.996048
-0.0895713,0.206421,0.996052
-0.0922217,0.205497,0.996047
-0.0948604,0.204539,0.996032
-0.0974868,0.203548,0.996051
-0.100101,0.202525,0.99606
-0.102702,0.20147,0.996061
-0.105289,0.200382,0.996054
-0.107863,0.199261,0.996039
-0.110423,0.198109,0.996061
-0.112968,0.196926,0.996076
-0.115499,0.195711,0.996083
-0.118014,0.194464,0.996085
-0.120513,0.193187,0.996081
-0.122997,0.191878,0.996071
-0.125464,0.19054,0.996056
-0.127914,0.18917,0.996082
-0.130348,0.187771,0.996103
-0.132764,0.186342,0.996119
-0.135162,0.184883,0.996132
-0.137542,0.183395,0.996142
-0.139904,0.181878,0.99615
-0.142247,0.180331,0.996156
-0.14457,0.178757,0.996158
-0.146874,0.177154,0.99616
-0.149159,0.175522,0.99616
-0.151423,0.173863,0.996159
-0.153667,0.172177,0.996158
-0.15589,0.170463,0.996159
-0.158092,0.168723,0.996157
-0.160273,0.166955,0.996158
-0.162432,0.165161,0.996159
-0.164569,0.163341,0.996162
-0.166684,0.161496,0.996168
-0.168777,0.159624,0.996174
-0.170846,0.157728,0.996184
-0.172893,0.155807,0.996197
-0.174916,0.153861,0.996212
-0.176915,0.15189,0.996232
-0.17889,0.149896,0.996255
-0.180842,0.147878,0.996238
-0.182768,0.145837,0.996225
-0.18467,0.143772,0.996219
-0.186547,0.141685,0.996216
-0.188399,0.139576,0.99622
-0.190226,0.137444,0.996231
-0.192026,0.135291,0.996248
-0.193801,0.133116,0.996272
-0.19555,0.13092,0.996258
-0.197272,0.128703,0.996252
-0.198967,0.126466,0.996253
-0.200636,0.124209,0.996263
-0.202278,0.121932,0.996283
-0.203892,0.119636,0.99631
-0.205479,0.11732,0.996302
-0.207038,0.114986,0.996303
-0.20857,0.112634,0.996316
-0.210073,0.110263,0.996338
-0.211549,0.107875,0.996324
-0.212995,0.10547,0.996323
-0.214413,0.103047,0.996333
-0.215803,0.100608,0.996355
-0.217163,0.0981529,0.996342
-0.218495,0.0956817,0.996343
-0.219797,0.0931949,0.996356
-0.22107,0.090693,0.996383
-0.222313,0.0881763,0.996378
-0.223526,0.0856451,0.996386
-0.22471,0.0830998,0.996409
-0.225863,0.0805407,0.9964
-0.226987,0.0779684,0.996406
-0.22808,0.075383,0.996427
-0.229143,0.0727849,0.996418
-0.230175,0.0701746,0.996424
-0.231177,0.0675525,0.996447
-0.232148,0.0649187,0.99644
-0.233089,0.0622739,0.99645
-0.233998,0.0596182,0.996477
-0.234876,0.0569521,0.996475
-0.235723,0.054276,0.996492
-0.236539,0.0515902,0.996479
-0.237324,0.0488951,0.996486
-0.238078,0.046191,0.996511
-0.2388,0.0434784,0.996509
-0.23949,0.0407576,0.996526
-0.240149,0.038029,0.996517
-0.240776,0.0352929,0.996527
-0.241372,0.0325498,0.996511
-0.241935,0.0298,0.996516
-0.242467,0.0270438,0.996543
-0.242968,0.0242817,0.996543
-0.243436,0.021514,0.996566
-0.243872,0.0187411,0.996564
-0.244277,0.0159634,0.996584
-0.244649,0.0131812,0.99658
-0.24499,0.0103949,0.996598
-0.245298,0.00760483,0.996593
-0.245575,0.00481145,0.996612
-0.245819,0.00201508,0.996607
-0.246032,-0.000783899,0.996627
-0.246212,-0.00358513,0.996624
-0.246361,-0.00638824,0.996646
-0.246477,-0.00919286,0.996646
-0.246561,-0.0119986,0.996671
-0.246614,-0.0148052,0.996675
-0.246634,-0.0176121,0.996657
-0.246623,-0.0204191,0.996666
-0.246579,-0.0232258,0.996653
-0.246504,-0.0260319,0.996669
-0.246397,-0.0288369,0.996663
-0.246258,-0.0316404,0.996686
-0.246087,-0.0344423,0.996689
-0.245884,-0.037242,0.996672
-0.24565,-0.0400392,0.996684
-0.245384,-0.0428337,0.996677
-0.245087,-0.0456249,0.996699
-0.244758,-0.0484126,0.996703
-0.244398,-0.0511964,0.996688
-0.244006,-0.053976,0.996704
-0.243583,-0.056751,0.996702
-0.243129,-0.0595211,0.996682
-0.242644,-0.0622858,0.996693
-0.242128,-0.065045,0.996688
-0.24158,-0.0677982,0.996715
-0.241002,-0.0705451,0.996725
-0.240394,-0.0732853,0.996719
-0.239754,-0.0760185,0.996746
-0.239084,-0.0787444,0.996757
-0.238384,-0.0814627,0.996752
-0.237653,-0.084173,0.996732
-0.236892,-0.0868749,0.996747
-0.236101,-0.0895682,0.996746
-0.23528,-0.0922525,0.996731
-0.234429,-0.0949275,0.996752
-0.233549,-0.0975928,0.996758
-0.232639,-0.100248,0.99675
-0.231699,-0.102893,0.996779
-0.23073,-0.105528,0.996793
-0.229732,-0.108152,0.996795
-0.228705,-0.110764,0.996785
-0.22765,-0.113365,0.996811
-0.226565,-0.115954,0.996824
-0.225452,-0.118531,0.996826
-0.22431,-0.121095,0.996817
-0.22314,-0.123647,0.996846
-0.221943,-0.126185,0.996863
-0.220717,-0.128711,0.99687
-0.219463,-0.131222,0.996866
-0.218182,-0.13372,0.996851
-0.216874,-0.136203,0.996875
-0.215538,-0.138672,0.99689
-0.214175,-0.141126,0.996896
-0.212786,-0.143565,0.996892
-0.21137,-0.145989,0.996877
-0.209927,-0.148397,0.996905
-0.208458,-0.150789,0.996924
-0.206963,-0.153165,0.996934
-0.205442,-0.155524,0.996934
-0.203896,-0.157867,0.996928
-0.202324,-0.160192,0.996914
-0.200726,-0.1625,0.996941
-0.199104,-0.164791,0.996962
-0.197457,-0.167064,0.996976
-0.195785,-0.169319,0.996984
-0.194089,-0.171556,0.996984
-0.192369,-0.173774,0.996977
-0.190624,-0.175973,0.996966
-0.188856,-0.178153,0.996947
-0.187064,-0.180314,0.996974
-0.185249,-0.182455,0.996995
-0.183411,-0.184577,0.997012
-0.181551,-0.186679,0.997023
-0.179667,-0.18876,0.997029
-0.177761,-0.190821,0.997031
-0.175833,-0.192861,0.997029
-0.173884,-0.19488,0.997022
-0.171912,-0.196879,0.997012
-0.169919,-0.198855,0.996998
-0.167905,-0.200811,0.996981
-0.16587,-0.202744,0.996959
-0.163815,-0.204656,0.996988
-0.161739,-0.206545,0.997012
-0.159643,-0.208412,0.997034
-0.157527,-0.210257,0.997055
-0.155391,-0.212079,0.997073
-0.153236,-0.213877,0.997089
-0.151062,-0.215653,0.997105
-0.148869,-0.217405,0.997118
-0.146658,-0.219134,0.997131
-0.144428,-0.220839,0.997143
-0.14218,-0.22252,0.997153
-0.139914,-0.224177,0.997163
-0.137631,-0.22581,0.997173
-0.135331,-0.227419,0.997184
-0.133013,-0.229003,0.997195
-0.130679,-0.230562,0.997206
-0.128329,-0.232097,0.997217
-0.125962,-0.233606,0.99723
-0.123579,-0.23509,0.997244
-0.121181,-0.236549,0.997259
-0.118768,-0.237983,0.997274
-0.116339,-0.239391,0.997293
-0.113896,-0.240773,0.997314
-0.111439,-0.242129,0.997336
-0.108967,-0.243459,0.99736
-0.106481,-0.244763,0.997388
-0.103982,-0.246041,0.997367
-0.101469,-0.247292,0.997348
-0.0989434,-0.248517,0.997332
-0.096405,-0.249715,0.99732
-0.0938541,-0.250887,0.997312
-0.091291,-0.252032,0.997307
-0.0887161,-0.253149,0.997307
-0.0861296,-0.25424,0.997311
-0.0835318,-0.255303,0.99732
-0.080923,-0.25634,0.997333
-0.0783036,-0.257348,0.997352
-0.0756737,-0.25833,0.997375
-0.0730337,-0.259284,0.997352
-0.0703838,-0.26021,0.997334
-0.0677245,-0.261108,0.997322
-0.0650559,-0.261979,0.997316
-0.0623784,-0.262822,0.997316
-0.0596923,-0.263637,0.997323
-0.0569978,-0.264424,0.997336
-0.0542953,-0.265183,0.997357
-0.0515851,-0.265913,0.997384
-0.0488674,-0.266616,0.997366
-0.0461425,-0.26729,0.997355
-0.0434108,-0.267936,0.997352
-0.0406726,-0.268554,0.997357
-0.0379281,-0.269143,0.99737
-0.0351777,-0.269704,0.997392
-0.0324216,-0.270236,0.997368
-0.0296602,-0.27074,0.997354
-0.0268937,-0.271216,0.997348
-0.0241224,-0.271662,0.997352
-0.0213467,-0.27208,0.997365
-0.0185668,-0.27247,0.997387
-0.0157831,-0.272831,0.997366
-0.0129957,-0.273163,0.997355
-0.0102052,-0.273466,0.997354
-0.00741161,-0.273741,0.997364
-0.00461538,-0.273987,0.997384
-0.00181678,-0.274204,0.997361
0.000983913,-0.274393,0.99735
0.00378639,-0.274553,0.997349
0.00659036,-0.274684,0.99736
0.00939552,-0.274786,0.997383
0.0122016,-0.27486,0.997363
0.0150083,-0.274905,0.997356
0.0178152,-0.274922,0.997361
0.0206222,-0.274909,0.997377
0.023429,-0.274868,0.997353
0.0262352,-0.274799,0.997342
0.0290405,-0.274701,0.997344
0.0318446,-0.274574,0.997358
0.0346474,-0.274419,0.997332
0.0374484,-0.274235,0.99732
0.0402474,-0.274023,0.997321
0.0430441,-0.273782,0.997337
0.0458382,-0.273513,0.997312
0.0486294,-0.273216,0.997301
0.0514175,-0.27289,0.997306
0.0542022,-0.272536,0.997325
0.0569831,-0.272154,0.997304
0.05976,-0.271744,0.997299
0.0625326,-0.271306,0.997308
0.0653007,-0.27084,0.997334
0.0680639,-0.270346,0.99732
0.070822,-0.269824,0.997323
0.0735747,-0.269274,0.997341
0.0763217,-0.268697,0.997322
0.0790627,-0.268092,0.997318
0.0817975,-0.267459,0.997332
0.0845259,-0.266799,0.997308
0.0872474,-0.266112,0.9973
0.0899619,-0.265397,0.99731
0.0926691,-0.264655,0.997337
0.0953687,-0.263886,0.997328
0.0980605,-0.26309,0.997335
0.100744,-0.262267,0.997362
0.103419,-0.261417,0.997351
0.106086,-0.26054,0.997359
0.108744,-0.259637,0.997385
0.111392,-0.258707,0.997375
0.114032,-0.257751,0.997384
0.116661,-0.256769,0.997356
0.119281,-0.25576,0.997348
0.12189,-0.254725,0.997359
0.124489,-0.253665,0.997335
0.127077,-0.252578,0.997331
0.129655,-0.251466,0.997346
0.132221,-0.250329,0.997327
0.134776,-0.249165,0.997328
0.137319,-0.247977,0.99735
0.13985,-0.246763,0.997337
0.142369,-0.245525,0.997344
0.144875,-0.244261,0.997318
0.147369,-0.242973,0.997312
0.14985,-0.24166,0.997329
0.152318,-0.240323,0.997311
0.154773,-0.238961,0.997315
0.157214,-0.237575,0.997341
0.159641,-0.236165,0.997334
0.162054,-0.234731,0.997349
0.164453,-0.233274,0.997331
0.166838,-0.231792,0.997335
0.169207,-0.230288,0.997364
0.171562,-0.22876,0.997357
0.173902,-0.227209,0.997376
0.176226,-0.225635,0.997362
0.178535,-0.224039,0.997371
0.180828,-0.22242,0.997349
0.183105,-0.220778,0.997349
0.185366,-0.219114,0.997375
0.18761,-0.217428,0.997368
0.189838,-0.215721,0.997386
0.192049,-0.213991,0.997372
0.194243,-0.21224,0.997384
0.19642,-0.210468,0.997362
0.198579,-0.208674,0.997368
0.20072,-0.20686,0.997342
0.202844,-0.205024,0.997343
0.20495,-0.203168,0.997367
0.207038,-0.201292,0.997364
0.209107,-0.199395,0.997384
0.211158,-0.197478,0.997374
0.21319,-0.195542,0.997392
0.215203,-0.193585,0.99738
0.217197,-0.19161,0.997394
0.219171,-0.189614,0.99738
0.221127,-0.1876,0.997391
0.223062,-0.185567,0.997373
0.224978,-0.183516,0.997382
0.226874,-0.181446,0.997365
0.22875,-0.179357,0.997372
0.230605,-0.177251,0.997352
0.23244,-0.175127,0.997359
0.234254,-0.172985,0.99734
0.236048,-0.170826,0.997346
0.237821,-0.168649,0.997326
0.239572,-0.166456,0.997333
0.241302,-0.164245,0.997314
0.243011,-0.162018,0.997323
0.244699,-0.159775,0.997304
0.246365,-0.157516,0.997315
0.248009,-0.155241,0.997299
0.249631,-0.15295,0.997312
0.25123,-0.150643,0.997298
0.252808,-0.148322,0.997314
0.254364,-0.145985,0.997303
0.255896,-0.143633,0.997322
0.257407,-0.141267,0.997315
0.258894,-0.138887,0.99734
0.260359,-0.136492,0.997337
0.261801,-0.134084,0.997308
0.263219,-0.131661,0.997311
0.264615,-0.129226,0.997288
0.265987,-0.126777,0.997295
0.267336,-0.124315,0.997277
0.268661,-0.121841,0.997292
0.269962,-0.119353,0.99728
0.27124,-0.116854,0.997301
0.272494,-0.114343,0.997296
0.273724,-0.111819,0.997266
0.274929,-0.109285,0.99727
0.276111,-0.106738,0.997248
0.277268,-0.104181,0.99726
0.278402,-0.101613,0.997247
0.27951,-0.0990341,0.997267
0.280594,-0.0964449,0.997263
0.281654,-0.0938455,0.997234
0.282689,-0.0912363,0.997241
0.283699,-0.0886173,0.997222
0.284684,-0.0859889,0.997239
0.285645,-0.0833513,0.997231
0.28658,-0.0807047,0.997258
0.287491,-0.0780494,0.997261
0.288376,-0.0753857,0.997241
0.289236,-0.0727137,0.997256
0.290071,-0.0700337,0.997248
0.290881,-0.0673459,0.997276
0.291665,-0.0646507,0.99728
0.292424,-0.0619482,0.997262
0.293158,-0.0592387,0.99728
0.293865,-0.0565224,0.997275
0.294548,-0.0537995,0.997247
0.295205,-0.0510704,0.997257
0.295836,-0.0483353,0.997243
0.296441,-0.0455943,0.997267
0.297021,-0.0428478,0.997269
0.297575,-0.0400959,0.997249
0.298103,-0.037339,0.997266
0.298605,-0.0345773,0.997262
0.299082,-0.031811,0.997236
0.299532,-0.0290404,0.997248
0.299957,-0.0262656,0.997238
0.300356,-0.0234871,0.997267
0.300728,-0.0207049,0.997274
0.301075,-0.0179194,0.997261
0.301396,-0.0151307,0.997286
0.301691,-0.0123392,0.997291
0.30196,-0.0095451,0.997275
0.302202,-0.00674859,0.997298
0.302419,-0.00394994,0.997301
0.30261,-0.0011494,0.997284
0.302775,0.0016528,0.997306
0.302913,0.0044564,0.997308
0.303026,0.00726117,0.997291
0.303113,0.0100669,0.997313
0.303173,0.0128732,0.997316
0.303208,0.0156801,0.997299
0.303217,0.0184871,0.997323
0.303199,0.0212941,0.997328
0.303156,0.0241008,0.997313
0.303087,0.0269069,0.99734
0.302991,0.0297124,0.997347
0.30287,0.0325168,0.997336
0.302723,0.03532,0.997306
0.30255,0.0381217,0.997318
0.302352,0.0409216,0.997311
0.302127,0.0437197,0.997286
0.301877,0.0465155,0.997303
0.301601,0.049309,0.997302
0.301299,0.0520997,0.997283
0.300972,0.0548876,0.997306
0.300619,0.0576724,0.997312
0.30024,0.0604538,0.9973
0.299836,0.0632316,0.997271
0.299407,0.0660056,0.997284
0.298952,0.0687755,0.99728
0.298472,0.0715411,0.99726
0.297966,0.0743022,0.997283
0.297435,0.0770586,0.997288
0.296879,0.07981,0.997278
0.296298,0.0825562,0.99725
0.295691,0.085297,0.997266
0.29506,0.0880321,0.997266
0.294404,0.0907613,0.99725
0.293723,0.0934845,0.997278
0.293017,0.0962013,0.997289
0.292286,0.0989115,0.997285
0.291531,0.101615,0.997265
0.290751,0.104312,0.997291
0.289946,0.107001,0.9973
0.289117,0.109683,0.997295
0.288264,0.112357,0.997273
0.287387,0.115023,0.997297
0.286485,0.117681,0.997306
0.285559,0.120331,0.9973
0.284609,0.122973,0.99728
0.283636,0.125606,0.997305
0.282638,0.128229,0.997315
0.281617,0.130844,0.997311
0.280572,0.133449,0.997293
0.279503,0.136045,0.997321
0.278412,0.138631,0.997335
0.277296,0.141207,0.997335
0.276158,0.143773,0.99732
0.274996,0.146328,0.997293
0.273812,0.148873,0.997312
0.272604,0.151407,0.997317
0.271374,0.15393,0.99731
0.270121,0.156442,0.997288
0.268845,0.158943,0.997314
0.267547,0.161431,0.997326
0.266227,0.163909,0.997326
0.264884,0.166374,0.997313
0.26352,0.168827,0.997286
0.262133,0.171267,0.997309
0.260725,0.173695,0.997319
0.259294,0.176111,0.997316
0.257842,0.178513,0.9973
0.256369,0.180902,0.997274
0.254874,0.183278,0.997295
0.253358,0.185641,0.997305
0.251821,0.18799,0.997302
0.250263,0.190325,0.997287
0.248685,0.192646,0.997261
0.247085,0.194952,0.997285
0.245465,0.197245,0.997296
0.243825,0.199523,0.997297
0.242164,0.201786,0.997285
0.240483,0.204034,0.997262
0.238782,0.206267,0.99729
0.237062,0.208485,0.997309
0.235322,0.210687,0.997314
0.233562,0.212874,0.99731
0.231783,0.215045,0.997295
0.229984,0.217201,0.997267
0.228167,0.21934,0.997293
0.22633,0.221463,0.997305
0.224475,0.223569,0.99731
0.222601,0.225659,0.997306
0.220709,0.227732,0.997289
0.218798,0.229789,0.997262
0.216869,0.231828,0.997289
0.214922,0.233851,0.997305
0.212958,0.235856,0.997312
0.210976,0.237843,0.997308
0.208976,0.239813,0.997294
0.206959,0.241765,0.997273
0.204925,0.243699,0.997304
0.202873,0.245615,0.997325
0.200805,0.247513,0.997338
0.19872,0.249393,0.997342
0.196619,0.251254,0.997337
0.194502,0.253097,0.997323
0.192368,0.254921,0.9973
0.190218,0.256726,0.997331
0.188053,0.258512,0.997353
0.185872,0.260279,0.997366
0.183675,0.262027,0.997373
0.181463,0.263755,0.997371
0.179236,0.265464,0.99736
0.176995,0.267153,0.997342
0.174738,0.268823,0.997314
0.172467,0.270473,0.997343
0.170181,0.272102,0.997364
0.167882,0.273712,0.997378
0.165568,0.275302,0.997382
0.163241,0.276871,0.997381
0.1609,0.278419,0.997371
0.158545,0.279948,0.997355
0.156177,0.281455,0.997331
0.153796,0.282942,0.997365
0.151402,0.284408,0.99739
0.148996,0.285853,0.997409
0.146577,0.287277,0.997421
0.144145,0.28868,0.997426
0.141702,0.290061,0.997426
0.139247,0.291422,0.997419
0.136779,0.292761,0.997405
0.134301,0.294078,0.997385
0.131811,0.295374,0.997359
0.129309,0.296648,0.99739
0.126797,0.2979,0.997415
0.124274,0.29913,0.997371
0.121741,0.300339,0.997385
0.119197,0.301525,0.99733
0.116642,0.30269,0.997332
0.114078,0.303832,0.997392
0.111504,0.304952,0.997384
0.108921,0.306049,0.997434
0.106328,0.307124,0.997415
0.103726,0.308177,0.997455
0.101114,0.309207,0.997426
0.0984945,0.310215,0.997455
0.0958659,0.3112,0.997418
0.0932289,0.312162,0.997438
0.0905837,0.313101,0.99739
0.0879305,0.314018,0.997401
0.0852695,0.314912,0.997345
0.0826009,0.315782,0.997347
0.0799249,0.31663,0.99741
0.0772418,0.317454,0.997404
0.0745516,0.318256,0.997458
0.0718546,0.319034,0.997445
0.069151,0.319789,0.997491
0.0664411,0.320521,0.99747
0.0637249,0.32123,0.997509
0.0610028,0.321915,0.99748
0.0582749,0.322577,0.997512
0.0555414,0.323215,0.997477
0.0528026,0.32383,0.997502
0.0500586,0.324421,0.99746
0.0473096,0.324989,0.99748
0.0445558,0.325534,0.997432
0.0417975,0.326054,0.997445
0.0390349,0.326551,0.997391
0.0362681,0.327025,0.997399
0.0334973,0.327475,0.99734
0.0307228,0.327901,0.997342
0.0279448,0.328304,0.997407
0.0251634,0.328682,0.997406
0.0223789,0.329037,0.997465
0.0195915,0.329369,0.997459
0.0168014,0.329676,0.997515
0.0140087,0.32996,0.997505
0.0112138,0.33022,0.997557
0.0084167,0.330456,0.997542
0.00561772,0.330669,0.997591
0.00281703,0.330857,0.997574
1.4842e-05,0.331022,0.997619
-0.00278865,0.331163,0.997598
-0.00559323,0.33128,0.997641
-0.00839871,0.331374,0.997618
-0.0112049,0.331443,0.997659
-0.0140115,0.331489,0.997633
-0.0168185,0.331511,0.997671
-0.0196255,0.33151,0.997644
-0.0224324,0.331484,0.997681
-0.025239,0.331435,0.997652
-0.0280451,0.331362,0.997687
-0.0308505,0.331265,0.997657
-0.0336549,0.331145,0.997691
-0.0364583,0.331001,0.99766
-0.0392603,0.330833,0.997694
-0.0420608,0.330642,0.997662
-0.0448596,0.330427,0.997696
-0.0476564,0.330188,0.997664
-0.0504512,0.329926,0.997698
-0.0532437,0.329641,0.997666
-0.0560336,0.329331,0.9977
-0.0588209,0.328999,0.99767
-0.0616053,0.328643,0.997705
-0.0643865,0.328263,0.997674
-0.0671645,0.327861,0.99771
-0.069939,0.327434,0.997682
-0.0727098,0.326985,0.997719
-0.0754768,0.326512,0.997692
-0.0782397,0.326017,0.997731
-0.0809983,0.325498,0.997706
-0.0837525,0.324956,0.997748
-0.0865021,0.324391,0.997726
-0.0892468,0.323802,0.997769
-0.0919865,0.323191,0.997749
-0.094721,0.322557,0.997796
-0.0974502,0.321901,0.997779
-0.100174,0.321221,0.997829
-0.102891,0.320519,0.997816
-0.105603,0.319794,0.99787
-0.108309,0.319046,0.99786
-0.111008,0.318276,0.997918
-0.113701,0.317483,0.997913
-0.116387,0.316668,0.997974
-0.119066,0.315831,0.997972
-0.121739,0.314971,0.998039
-0.124403,0.31409,0.998042
-0.127061,0.313186,0.997982
-0.129711,0.312259,0.99799
-0.132353,0.311311,0.997935
-0.134987,0.310341,0.997948
-0.137613,0.30935,0.997898
-0.140231,0.308336,0.997917
-0.14284,0.307301,0.997874
-0.14544,0.306244,0.9979
-0.148032,0.305165,0.997863
-0.150614,0.304065,0.997894
-0.153188,0.302944,0.997863
-0.155752,0.301802,0.997902
-0.158306,0.300638,0.997878
-0.160851,0.299453,0.997924
-0.163386,0.298247,0.997907
-0.165911,0.297021,0.997961
-0.168425,0.295773,0.997952
-0.170929,0.294505,0.998012
-0.173423,0.293216,0.99801
-0.175906,0.291907,0.997948
-0.178378,0.290577,0.997955
-0.180839,0.289227,0.997899
-0.183289,0.287856,0.997914
-0.185727,0.286466,0.997868
-0.188154,0.285055,0.997892
-0.190569,0.283625,0.997855
-0.192972,0.282174,0.997889
-0.195364,0.280704,0.997861
-0.197743,0.279215,0.997904
-0.20011,0.277706,0.997886
-0.202464,0.276177,0.997939
-0.204806,0.274629,0.99793
-0.207135,0.273062,0.997996
-0.209451,0.271476,0.997996
-0.211754,0.269871,0.997938
-0.214044,0.268248,0.99795
-0.21632,0.266605,0.997902
-0.218583,0.264944,0.997926
-0.220832,0.263265,0.997888
-0.223067,0.261567,0.997923
-0.225289,0.259851,0.997898
-0.227496,0.258117,0.997945
-0.229689,0.256364,0.997932
-0.231868,0.254595,0.997989
-0.234032,0.252807,0.997988
-0.236181,0.251002,0.997923
-0.238316,0.249179,0.997934
-0.240436,0.247339,0.997884
-0.242541,0.245481,0.997907
-0.24463,0.243607,0.997869
-0.246704,0.241716,0.997907
-0.248763,0.239807,0.997881
-0.250806,0.237882,0.997932
-0.252833,0.235941,0.997922
-0.254845,0.233983,0.997986
-0.256841,0.232009,0.99799
-0.25882,0.230019,0.997933
-0.260783,0.228013,0.997952
-0.26273,0.225991,0.99791
-0.264661,0.223953,0.997942
-0.266575,0.221899,0.997915
-0.268472,0.21983,0.997962
-0.270352,0.217746,0.997949
-0.272216,0.215647,0.998012
-0.274062,0.213533,0.998015
-0.275891,0.211403,0.997958
-0.277703,0.20926,0.997976
-0.279498,0.207101,0.997934
-0.281275,0.204928,0.997968
-0.283034,0.202741,0.997941
-0.284776,0.20054,0.997993
-0.2865,0.198324,0.997983
-0.288206,0.196095,0.998051
-0.289893,0.193852,0.99806
-0.291563,0.191596,0.998009
-0.293215,0.189326,0.998033
-0.294848,0.187043,0.997999
-0.296463,0.184747,0.998042
-0.298059,0.182438,0.998025
-0.299637,0.180116,0.998085
-0.301196,0.177782,0.998086
-0.302736,0.175435,0.998029
-0.304257,0.173076,0.998047
-0.305759,0.170705,0.998006
-0.307243,0.168322,0.998045
-0.308707,0.165927,0.998022
-0.310151,0.16352,0.998079
-0.311577,0.161102,0.998077
-0.312983,0.158672,0.998015
-0.314369,0.156232,0.998032
-0.315736,0.15378,0.99799
-0.317083,0.151317,0.998026
-0.318411,0.148844,0.998003
-0.319718,0.14636,0.99806
-0.321006,0.143866,0.998058
-0.322274,0.141361,0.997997
-0.323522,0.138847,0.998015
-0.324749,0.136323,0.997974
-0.325957,0.133788,0.998013
-0.327144,0.131245,0.997994
-0.328311,0.128692,0.998053
-0.329457,0.12613,0.998054
-0.330583,0.123558,0.997997
-0.331689,0.120978,0.99802
-0.332774,0.118389,0.997984
-0.333838,0.115792,0.998029
-0.334882,0.113186,0.998015
-0.335904,0.110572,0.998082
-0.336906,0.10795,0.99809
-0.337888,0.10532,0.99804
-0.338848,0.102682,0.998072
-0.339787,0.100037,0.998044
-0.340705,0.0973845,0.998098
-0.341603,0.0947247,0.998094
-0.342479,0.0920579,0.998032
-0.343334,0.0893842,0.998051
-0.344167,0.0867039,0.998013
-0.34498,0.084017,0.998056
-0.345771,0.0813237,0.998041
-0.346541,0.0786243,0.998108
-0.347289,0.0759189,0.998116
-0.348017,0.0732077,0.998068
-0.348722,0.0704908,0.998102
-0.349406,0.0677684,0.998077
-0.350069,0.0650407,0.998135
-0.35071,0.0623079,0.998136
-0.351329,0.05957,0.998079
-0.351927,0.0568274,0.998105
-0.352503,0.0540802,0.998073
-0.353058,0.0513284,0.998124
-0.353591,0.0485725,0.998118
-0.354102,0.0458123,0.998055
-0.354591,0.0430483,0.998075
-0.355059,0.0402805,0.998037
-0.355505,0.0375091,0.998083
-0.355929,0.0347343,0.998072
-0.356331,0.0319562,0.998004
-0.356711,0.0291751,0.998019
-0.35707,0.026391,0.997978
-0.357407,0.0236042,0.99802
-0.357721,0.0208149,0.998005
-0.358014,0.0180232,0.998075
-0.358285,0.0152293,0.998087
-0.358534,0.0124333,0.998043
-0.358762,0.00963549,0.998083
-0.358967,0.00683597,0.998067
-0.35915,0.00403493,0.998135
-0.359312,0.00123254,0.998146
-0.359451,-0.00157102,0.998102
-0.359569,-0.00437559,0.998141
-0.359664,-0.007181,0.998125
-0.359738,-0.00998706,0.998193
-0.35979,-0.0127936,0.998205
-0.35982,-0.0156005,0.998161
-0.359828,-0.0184075,0.998202
-0.359814,-0.0212145,0.998187
-0.359778,-0.0240213,0.998258
-0.359721,-0.0268278,0.998272
-0.359641,-0.0296337,0.998231
-0.35954,-0.0324389,0.998275
-0.359416,-0.0352432,0.998263
-0.359271,-0.0380465,0.998195
-0.359105,-0.0408485,0.998214
-0.358916,-0.0436492,0.998176
-0.358706,-0.0464484,0.998225
-0.358474,-0.0492458,0.998218
-0.35822,-0.0520413,0.998155
-0.357944,-0.0548348,0.998179
-0.357647,-0.0576261,0.998148
-0.357328,-0.0604149,0.998202
-0.356988,-0.0632012,0.998202
-0.356626,-0.0659848,0.998146
-0.356242,-0.0687655,0.998176
-0.355837,-0.0715432,0.998152
-0.35541,-0.0743176,0.998215
-0.354962,-0.0770886,0.998222
-0.354492,-0.0798561,0.998174
-0.354002,-0.0826199,0.998214
-0.353489,-0.0853798,0.998198
-0.352956,-0.0881356,0.99827
-0.352401,-0.0908873,0.998287
-0.351825,-0.0936345,0.998249
-0.351227,-0.0963773,0.998299
-0.350609,-0.0991153,0.998294
-0.34997,-0.101849,0.998235
-0.349309,-0.104577,0.998263
-0.348627,-0.1073,0.998237
-0.347925,-0.110017,0.998299
-0.347201,-0.11273,0.998307
-0.346457,-0.115436,0.998259
-0.345692,-0.118137,0.9983
-0.344906,-0.120832,0.998287
-0.344099,-0.12352,0.998219
-0.343272,-0.126203,0.998239
-0.342424,-0.128879,0.998206
-0.341556,-0.131548,0.998262
-0.340667,-0.134211,0.998263
-0.339758,-0.136866,0.998211
-0.338828,-0.139515,0.998247
-0.337878,-0.142156,0.998229
-0.336908,-0.14479,0.9983
-0.335918,-0.147417,0.998318
-0.334908,-0.150036,0.998282
-0.333877,-0.152647,0.998334
-0.332827,-0.15525,0.998335
-0.331757,-0.157845,0.99828
-0.330667,-0.160432,0.998316
-0.329557,-0.16301,0.998298
-0.328428,-0.16558,0.99837
-0.327278,-0.168141,0.998388
-0.32611,-0.170693,0.998352
-0.324922,-0.173237,0.998407
-0.323714,-0.175771,0.998407
-0.322488,-0.178295,0.998354
-0.321242,-0.180811,0.998393
-0.319977,-0.183317,0.998379
-0.318693,-0.185813,0.99831
-0.317389,-0.188299,0.998333
-0.316067,-0.190775,0.998301
-0.314727,-0.193241,0.998362
-0.313367,-0.195697,0.998369
-0.311989,-0.198142,0.998322
-0.310592,-0.200577,0.998367
-0.309177,-0.203002,0.998359
-0.307743,-0.205415,0.998297
-0.306291,-0.207817,0.998327
-0.304821,-0.210209,0.998305
-0.303333,-0.212589,0.998375
-0.301827,-0.214957,0.998391
-0.300303,-0.217315,0.998355
-0.298761,-0.21966,0.998411
-0.297201,-0.221994,0.998413
-0.295624,-0.224316,0.998363
-0.294029,-0.226626,0.998406
-0.292417,-0.228924,0.998395
-0.290787,-0.231209,0.998332
-0.28914,-0.233482,0.998364
-0.287476,-0.235743,0.99834
-0.285795,-0.237991,0.99841
-0.284097,-0.240226,0.998428
-0.282382,-0.242449,0.998392
-0.280651,-0.244658,0.998452
-0.278903,-0.246854,0.998457
-0.277138,-0.249037,0.998409
-0.275357,-0.251207,0.998456
-0.273559,-0.253363,0.998451
-0.271746,-0.255505,0.998393
-0.269916,-0.257634,0.99843
-0.26807,-0.259749,0.998416
-0.266209,-0.26185,0.998346
-0.264331,-0.263937,0.998373
-0.262438,-0.266009,0.998346
-0.26053,-0.268068,0.998414
-0.258606,-0.270112,0.99843
-0.256667,-0.272141,0.998395
-0.254712,-0.274156,0.998453
-0.252743,-0.276156,0.998458
-0.250758,-0.278141,0.998414
-0.248759,-0.280112,0.998462
-0.246745,-0.282067,0.99846
-0.244716,-0.284007,0.998406
-0.242673,-0.285932,0.998447
-0.240616,-0.287841,0.998434
-0.238544,-0.289735,0.998373
-0.236458,-0.291614,0.998405
-0.234358,-0.293477,0.998388
-0.232244,-0.295324,0.998316
-0.230117,-0.297155,0.998341
-0.227976,-0.29897,0.998314
-0.225821,-0.300769,0.998384
-0.223653,-0.302552,0.998402
-0.221472,-0.304319,0.998369
-0.219277,-0.306069,0.998431
-0.21707,-0.307803,0.998442
-0.21485,-0.309521,0.998402
-0.212617,-0.311222,0.998459
-0.210371,-0.312906,0.998464
-0.208113,-0.314573,0.998417
-0.205842,-0.316224,0.998466
-0.20356,-0.317857,0.998467
-0.201265,-0.319474,0.998415
-0.198958,-0.321073,0.998461
-0.196639,-0.322655,0.998456
-0.194309,-0.32422,0.998399
-0.191967,-0.325768,0.998439
-0.189614,-0.327298,0.998428
-0.187249,-0.328811,0.998368
-0.184873,-0.330305,0.998404
-0.182486,-0.331783,0.998388
-0.180089,-0.333242,0.998324
-0.17768,-0.334684,0.998356
-0.175261,-0.336108,0.998338
-0.172831,-0.337514,0.998269
-0.170391,-0.338901,0.998297
-0.167941,-0.340271,0.998276
-0.165481,-0.341622,0.998205
-0.163011,-0.342956,0.998231
-0.16053,-0.34427,0.998207
-0.158041,-0.345567,0.998132
-0.155542,-0.346845,0.998155
-0.153033,-0.348104,0.998128
-0.150515,-0.349345,0.9982
-0.147988,-0.350568,0.998222
-0.145452,-0.351771,0.998193
-0.142908,-0.352956,0.998263
-0.140354,-0.354122,0.998283
-0.137792,-0.35527,0.998253
-0.135222,-0.356398,0.998324
-0.132644,-0.357507,0.998342
-0.130057,-0.358597,0.998311
-0.127462,-0.359669,0.99838
-0.12486,-0.360721,0.998399
-0.12225,-0.361754,0.998367
-0.119632,-0.362767,0.998437
-0.117007,-0.363762,0.998455
-0.114375,-0.364737,0.998423
-0.111736,-0.365692,0.998492
-0.109089,-0.366628,0.99851
-0.106436,-0.367545,0.998479
-0.103776,-0.368442,0.998548
-0.10111,-0.36932,0.998569
-0.0984375,-0.370178,0.998538
-0.0957586,-0.371017,0.998609
-0.0930737,-0.371836,0.998629
-0.0903828,-0.372635,0.998602
-0.0876861,-0.373414,0.998673
-0.0849839,-0.374174,0.998695
-0.0822761,-0.374914,0.998668
-0.0795629,-0.375634,0.998592
-0.0768446,-0.376334,0.998618
-0.0741212,-0.377014,0.998593
-0.071393,-0.377674,0.99852
-0.0686599,-0.378314,0.998547
-0.0659223,-0.378935,0.998526
-0.0631802,-0.379535,0.998455
-0.0604338,-0.380115,0.998485
-0.0576832,-0.380675,0.998467
-0.0549286,-0.381215,0.998399
-0.0521701,-0.381735,0.998433
-0.049408,-0.382235,0.998419
-0.0466422,-0.382714,0.998355
-0.043873,-0.383174,0.998393
-0.0411006,-0.383613,0.998382
-0.038325,-0.384032,0.998323
-0.0355465,-0.384431,0.998366
-0.0327651,-0.38481,0.99836
-0.029981,-0.385168,0.998306
-0.0271944,-0.385506,0.998353
-0.0244055,-0.385824,0.998352
-0.0216142,-0.386122,0.998303
-0.0188209,-0.386399,0.998356
-0.0160257,-0.386656,0.998361
-0.0132286,-0.386892,0.998317
-0.01043,-0.387109,0.998376
-0.00762979,-0.387305,0.998387
-0.00482826,-0.387481,0.998349
-0.00202554,-0.387636,0.998415
0.00077824,-0.387771,0.998432
0.00358292,-0.387886,0.998401
0.00638836,-0.38798,0.998473
0.00919442,-0.388054,0.998497
0.0120009,-0.388108,0.998473
0.0148078,-0.388142,0.9984
0.0176148,-0.388155,0.998432
0.0204218,-0.388148,0.998415
0.0232287,-0.38812,0.99835
0.0260353,-0.388073,0.998389
0.0288415,-0.388005,0.99838
0.0316472,-0.387917,0.998323
0.0344521,-0.387808,0.998371
0.0372562,-0.387679,0.99837
0.0400592,-0.38753,0.998321
0.0428612,-0.387361,0.998378
0.0456618,-0.387172,0.998386
0.048461,-0.386962,0.998346
0.0512586,-0.386732,0.998412
0.0540545,-0.386483,0.998429
0.0568485,-0.386213,0.9984
0.0596405,-0.385923,0.998321
0.0624304,-0.385612,0.998349
0.0652179,-0.385282,0.998328
0.068003,-0.384932,0.99826
0.0707855,-0.384561,0.998297
0.0735653,-0.384171,0.998287
0.0763421,-0.383761,0.998229
0.079116,-0.383331,0.998277
0.0818867,-0.382881,0.998277
0.0846541,-0.382411,0.998231
0.0874181,-0.381921,0.99829
0.0901785,-0.381411,0.998301
0.0929352,-0.380882,0.998265
0.0956879,-0.380333,0.998336
0.0984368,-0.379764,0.998358
0.101181,-0.379176,0.998335
0.103922,-0.378567,0.998263
0.106658,-0.37794,0.998299
0.109389,-0.377292,0.998286
0.112116,-0.376625,0.998227
0.114838,-0.375939,0.998276
0.117554,-0.375233,0.998276
0.120266,-0.374508,0.99823
0.122973,-0.373764,0.99829
0.125674,-0.373,0.998304
0.128369,-0.372217,0.998271
0.131059,-0.371414,0.998345
0.133743,-0.370593,0.998372
0.136422,-0.369752,0.998351
0.139094,-0.368893,0.998285
0.14176,-0.368014,0.998327
0.144419,-0.367116,0.998322
0.147073,-0.3662,0.998269
0.149719,-0.365264,0.998324
0.152359,-0.36431,0.998332
0.154992,-0.363337,0.998294
0.157618,-0.362345,0.998364
0.160237,-0.361335,0.998387
0.162849,-0.360306,0.998364
0.165453,-0.359259,0.998294
0.16805,-0.358193,0.998333
0.170639,-0.357108,0.998325
0.17322,-0.356005,0.99827
0.175793,-0.354884,0.998324
0.178359,-0.353745,0.998332
0.180916,-0.352588,0.998294
0.183465,-0.351412,0.998365
0.186006,-0.350219,0.998388
0.188538,-0.349007,0.998367
0.191061,-0.347778,0.998298
0.193576,-0.34653,0.99834
0.196082,-0.345265,0.998335
0.198579,-0.343983,0.998283
0.201066,-0.342682,0.998341
0.203545,-0.341364,0.998352
0.206014,-0.340029,0.998318
0.208473,-0.338676,0.998238
0.210923,-0.337306,0.998267
0.213363,-0.335918,0.998251
0.215794,-0.334513,0.998189
0.218214,-0.333092,0.998239
0.220624,-0.331653,0.998239
0.223024,-0.330197,0.998195
0.225414,-0.328724,0.998262
0.227793,-0.327235,0.998283
0.230162,-0.325729,0.998257
0.23252,-0.324206,0.998186
0.234867,-0.322666,0.998226
0.237203,-0.32111,0.99822
0.239529,-0.319538,0.998168
0.241843,-0.317949,0.998227
0.244146,-0.316344,0.99824
0.246437,-0.314723,0.998209
0.248718,-0.313086,0.99813
0.250986,-0.311433,0.998164
0.253243,-0.309764,0.998153
0.255488,-0.308079,0.998096
0.257722,-0.306379,0.998149
0.259943,-0.304662,0.998159
0.262152,-0.302931,0.998122
0.264349,-0.301183,0.998194
0.266534,-0.299421,0.998224
0.268706,-0.297643,0.998209
0.270866,-0.29585,0.998147
0.273013,-0.294042,0.998197
0.275147,-0.292219,0.998205
0.277269,-0.290381,0.998165
0.279378,-0.288528,0.998236
0.281473,-0.286661,0.998265
0.283556,-0.284779,0.998247
0.285625,-0.282882,0.998183
0.287682,-0.280971,0.998235
0.289724,-0.279046,0.99824
0.291753,-0.277106,0.9982
0.293769,-0.275152,0.99827
0.295771,-0.273185,0.998299
0.297759,-0.271203,0.998281
0.299733,-0.269208,0.99822
0.301693,-0.267199,0.99827
0.30364,-0.265176,0.998276
0.305572,-0.263139,0.998237
0.30749,-0.26109,0.998311
0.309393,-0.259027,0.998341
0.311282,-0.256951,0.998326
0.313157,-0.254861,0.998268
0.315017,-0.252759,0.998321
0.316862,-0.250644,0.99833
0.318693,-0.248516,0.998294
0.320509,-0.246375,0.998213
0.322309,-0.244222,0.998249
0.324095,-0.242056,0.998238
0.325866,-0.239878,0.998184
0.327621,-0.237688,0.998242
0.329362,-0.235485,0.998257
0.331087,-0.233271,0.998226
0.332796,-0.231044,0.998152
0.33449,-0.228806,0.998194
0.336169,-0.226556,0.99819
0.337832,-0.224295,0.998141
0.339479,-0.222022,0.998208
0.341111,-0.219738,0.998231
0.342726,-0.217442,0.998208
0.344326,-0.215136,0.998142
0.345909,-0.212818,0.998191
0.347477,-0.210489,0.998196
0.349028,-0.20815,0.998155
0.350564,-0.2058,0.998231
0.352082,-0.203439,0.998261
0.353585,-0.201068,0.998249
0.355071,-0.198687,0.998192
0.356541,-0.196296,0.998251
0.357994,-0.193894,0.998267
0.359431,-0.191482,0.998238
0.36085,-0.189061,0.998165
0.362254,-0.18663,0.998207
0.36364,-0.184189,0.998206
0.365009,-0.181739,0.998162
0.366362,-0.179279,0.998233
0.367697,-0.17681,0.998261
0.369016,-0.174332,0.998245
0.370317,-0.171845,0.998185
0.371602,-0.169349,0.998242
0.372869,-0.166844,0.998253
0.374119,-0.164331,0.998222
0.375351,-0.161809,0.998148
0.376566,-0.159278,0.99819
0.377764,-0.15674,0.998188
0.378944,-0.154193,0.998143
0.380107,-0.151638,0.998215
0.381252,-0.149075,0.998244
0.38238,-0.146504,0.998229
0.38349,-0.143926,0.99817
0.384582,-0.14134,0.998229
0.385656,-0.138747,0.998244
0.386713,-0.136146,0.998217
0.387752,-0.133539,0.998145
0.388773,-0.130924,0.998191
0.389776,-0.128302,0.998193
0.390761,-0.125674,0.998153
0.391728,-0.123038,0.998069
0.392676,-0.120397,0.998103
0.393607,-0.117748,0.998095
0.39452,-0.115094,0.998043
0.395414,-0.112433,0.998107
0.396291,-0.109766,0.99813
0.397149,-0.107094,0.998109
0.397988,-0.104415,0.998046
0.39881,-0.101731,0.998101
0.399613,-0.0990415,0.998113
0.400398,-0.0963464,0.998082
0.401164,-0.093646,0.998008
0.401912,-0.0909404,0.998053
0.402641,-0.0882298,0.998053
0.403352,-0.0855143,0.998012
0.404045,-0.082794,0.997928
0.404719,-0.0800691,0.997963
0.405374,-0.0773396,0.997955
0.406011,-0.0746057,0.997905
0.406629,-0.0718676,0.997973
0.407228,-0.0691253,0.997999
0.407809,-0.066379,0.997982
0.408371,-0.0636288,0.997922
0.408914,-0.0608749,0.997982
0.409439,-0.0581173,0.997999
0.409945,-0.0553563,0.997974
0.410432,-0.0525918,0.997906
0.4109,-0.0498241,0.997957
0.41135,-0.0470533,0.997966
0.41178,-0.0442795,0.997934
0.412192,-0.0415029,0.997858
0.412585,-0.0387235,0.997902
0.41296,-0.0359415,0.997904
0.413315,-0.0331571,0.997863
0.413651,-0.0303703,0.997781
0.413969,-0.0275813,0.997818
0.414267,-0.0247902,0.997813
0.414547,-0.0219971,0.997766
0.414808,-0.0192022,0.997839
0.41505,-0.0164057,0.99787
0.415273,-0.0136075,0.997859
0.415477,-0.0108079,0.997806
0.415662,-0.00800698,0.997873
0.415828,-0.00520488,0.997899
0.415976,-0.00240171,0.997882
0.416104,0.00040238,0.997823
0.416213,0.00320728,0.997886
0.416304,0.00601285,0.997906
0.416375,0.00881897,0.997884
0.416428,0.0116255,0.997821
0.416462,0.0144323,0.997878
0.416477,0.0172393,0.997894
0.416472,0.0200463,0.997868
0.416449,0.0228533,0.9978
0.416407,0.02566,0.997854
0.416346,0.0284664,0.997865
0.416267,0.0312723,0.997835
0.416168,0.0340776,0.997764
0.41605,0.0368821,0.997814
0.415914,0.0396858,0.997822
0.415759,0.0424886,0.99779
0.415585,0.0452902,0.997714
0.415392,0.0480906,0.997761
0.41518,0.0508896,0.997767
0.414949,0.0536872,0.997731
0.4147,0.0564831,0.997654
0.414432,0.0592773,0.997699
0.414145,0.0620696,0.997702
0.41384,0.06486,0.997664
0.413515,0.0676482,0.997584
0.413172,0.0704342,0.997627
0.412811,0.0732179,0.997629
0.41243,0.075999,0.99759
0.412031,0.0787775,0.997509
0.411614,0.0815533,0.997551
0.411178,0.0843263,0.997552
0.410723,0.0870963,0.997511
0.41025,0.0898631,0.997429
0.409758,0.0926268,0.997471
0.409248,0.095387,0.997471
0.408719,0.0981438,0.99743
0.408172,0.100897,0.997348
0.407607,0.103647,0.99739
0.407023,0.106392,0.997391
0.406421,0.109134,0.99735
0.405801,0.111872,0.997268
0.405162,0.114605,0.997311
0.404505,0.117334,0.997312
0.40383,0.120059,0.997272
0.403137,0.122779,0.997192
0.402425,0.125494,0.997235
0.401696,0.128205,0.997237
0.400948,0.13091,0.997198
0.400183,0.133611,0.997119
0.399399,0.136307,0.997164
0.398598,0.138997,0.997169
0.397779,0.141682,0.997133
0.396942,0.144361,0.997055
0.396087,0.147035,0.997103
0.395214,0.149702,0.997109
0.394324,0.152365,0.997074
0.393415,0.155021,0.997
0.39249,0.157671,0.997051
0.391546,0.160314,0.997061
0.390586,0.162952,0.99703
0.389607,0.165583,0.996958
0.388611,0.168207,0.997012
0.387598,0.170825,0.997025
0.386568,0.173436,0.996998
0.38552,0.17604,0.996929
0.384455,0.178638,0.996988
0.383373,0.181228,0.997004
0.382273,0.18381,0.996981
0.381157,0.186386,0.996918
0.380023,0.188954,0.996979
0.378873,0.191514,0.997001
0.377706,0.194067,0.996983
0.376521,0.196612,0.996925
0.37532,0.199149,0.996991
0.374103,0.201678,0.997019
0.372868,0.204199,0.997005
0.371617,0.206712,0.996952
0.370349,0.209217,0.997024
0.369065,0.211713,0.997058
0.367764,0.2142,0.99705
0.366447,0.216679,0.997002
0.365114,0.219149,0.99708
0.363764,0.22161,0.997121
0.362398,0.224063,0.99712
0.361016,0.226506,0.997078
0.359618,0.22894,0.996998
0.358204,0.231365,0.997044
0.356774,0.23378,0.99705
0.355328,0.236186,0.997016
0.353867,0.238583,0.996943
0.352389,0.240969,0.996996
0.350896,0.243346,0.997011
0.349387,0.245714,0.996984
0.347863,0.248071,0.996918
0.346323,0.250418,0.99698
0.344768,0.252755,0.997003
0.343197,0.255081,0.996983
0.341612,0.257397,0.996926
0.340011,0.259703,0.996995
0.338395,0.261998,0.997026
0.336764,0.264283,0.997016
0.335118,0.266557,0.996969
0.333457,0.26882,0.997048
0.331781,0.271072,0.997086
0.330091,0.273313,0.997085
0.328386,0.275542,0.997046
0.326666,0.277761,0.996967
0.324932,0.279968,0.997015
0.323183,0.282164,0.997024
0.32142,0.284349,0.996994
0.319643,0.286521,0.996924
0.317852,0.288682,0.996982
0.316046,0.290832,0.997003
0.314227,0.292969,0.996983
0.312393,0.295095,0.996924
0.310546,0.297208,0.996994
0.308685,0.29931,0.997024
0.30681,0.301399,0.997015
0.304922,0.303476,0.996969
0.30302,0.30554,0.997049
0.301105,0.307592,0.997091
0.299176,0.309632,0.997095
0.297234,0.311659,0.997058
0.295279,0.313673,0.996982
0.293311,0.315674,0.997035
0.29133,0.317663,0.997051
0.289335,0.319639,0.997025
0.287328,0.321601,0.996964
0.285309,0.32355,0.997032
0.283276,0.325487,0.99706
0.281231,0.32741,0.997046
0.279174,0.329319,0.996995
0.277104,0.331215,0.997076
0.275022,0.333098,0.997116
0.272928,0.334967,0.997118
0.270821,0.336823,0.99708
0.268703,0.338664,0.997004
0.266573,0.340492,0.997059
0.264431,0.342306,0.997074
0.262277,0.344106,0.99705
0.260111,0.345892,0.996987
0.257934,0.347664,0.997056
0.255746,0.349422,0.997087
0.253546,0.351165,0.997078
0.251334,0.352895,0.997028
0.249112,0.354609,0.997112
0.246879,0.35631,0.997157
0.244634,0.357996,0.997162
0.242379,0.359667,0.997129
0.240113,0.361324,0.997058
0.237836,0.362966,0.997116
0.235549,0.364593,0.997136
0.233251,0.366205,0.997119
0.230943,0.367803,0.997061
0.228625,0.369385,0.997137
0.226296,0.370953,0.997174
0.223957,0.372505,0.997173
0.221609,0.374042,0.997133
0.21925,0.375564,0.997054
0.216882,0.377071,0.997108
0.214504,0.378562,0.997122
0.212116,0.380038,0.9971
0.209719,0.381499,0.997036
0.207312,0.382944,0.997106
0.204897,0.384374,0.99714
0.202472,0.385788,0.997132
0.200038,0.387186,0.997088
0.197595,0.388568,0.997175
0.195143,0.389935,0.997226
0.192682,0.391286,0.997236
0.190213,0.392621,0.997209
0.187735,0.39394,0.997143
0.185249,0.395243,0.997211
0.182755,0.396531,0.997241
0.180252,0.397802,0.997233
0.177741,0.399057,0.997186
0.175222,0.400295,0.997272
0.172695,0.401518,0.99732
0.170161,0.402724,0.99733
0.167618,0.403914,0.997301
0.165068,0.405088,0.997235
0.162511,0.406245,0.997303
0.159946,0.407386,0.997332
0.157374,0.40851,0.997325
0.154795,0.409618,0.997277
0.152209,0.410709,0.997364
0.149615,0.411783,0.997414
0.147015,0.412841,0.997426
0.144409,0.413883,0.997399
0.141795,0.414907,0.997335
0.139175,0.415915,0.997405
0.136549,0.416906,0.997436
0.133916,0.41788,0.99743
0.131278,0.418837,0.997387
0.128633,0.419777,0.997478
0.125982,0.420701,0.99753
0.123325,0.421607,0.997545
0.120663,0.422497,0.997522
0.117995,0.423369,0.997461
0.115321,0.424224,0.997537
0.112642,0.425062,0.997572
0.109958,0.425884,0.997572
0.107269,0.426687,0.997534
0.104574,0.427474,0.997457
0.101875,0.428244,0.997515
0.0991702,0.428996,0.997537
0.0964611,0.429731,0.99752
0.0937474,0.430448,0.997465
0.0910291,0.431149,0.997546
0.0883065,0.431832,0.99759
0.0855795,0.432498,0.997596
0.0828483,0.433146,0.997565
0.0801131,0.433777,0.997496
0.0773739,0.43439,0.997563
0.0746309,0.434986,0.997593
0.0718841,0.435564,0.997585
0.0691337,0.436125,0.99754
0.0663798,0.436669,0.997631
0.0636225,0.437195,0.997684
0.0608618,0.437703,0.997699
0.0580981,0.438194,0.997678
0.0553312,0.438668,0.99762
0.0525614,0.439123,0.997697
0.0497888,0.439561,0.997737
0.0470134,0.439982,0.99774
0.0442354,0.440385,0.997706
0.041455,0.44077,0.997634
0.0386721,0.441137,0.997699
0.035887,0.441487,0.997727
0.0330997,0.44182,0.997718
0.0303103,0.442134,0.997672
0.027519,0.442431,0.997762
0.0247259,0.44271,0.997816
0.0219311,0.442972,0.997832
0.0191346,0.443215,0.997812
0.0163367,0.443441,0.997754
0.0135374,0.44365,0.997833
0.0107369,0.44384,0.997875
0.00793518,0.444013,0.997881
0.00513244,0.444168,0.997849
0.00232877,0.444306,0.997781
-0.000475712,0.444425,0.99785
-0.00328089,0.444527,0.997882
-0.00608666,0.444612,0.997877
-0.00889291,0.444678,0.997836
-0.0116995,0.444727,0.997757
-0.0145064,0.444758,0.997816
-0.0173134,0.444771,0.997839
-0.0201204,0.444767,0.997824
-0.0229274,0.444745,0.997773
-0.0257341,0.444705,0.99786
-0.0285405,0.444648,0.99791
-0.0313466,0.444573,0.997923
-0.0341521,0.44448,0.9979
-0.0369569,0.444369,0.99784
-0.039761,0.444241,0.997918
-0.0425643,0.444095,0.99796
-0.0453665,0.443931,0.997965
-0.0481677,0.44375,0.997933
-0.0509677,0.443552,0.997865
-0.0537664,0.443335,0.997935
-0.0565636,0.443101,0.997969
-0.0593594,0.44285,0.997967
-0.0621535,0.44258,0.997928
-0.0649458,0.442294,0.997853
-0.0677363,0.441989,0.997915
-0.0705249,0.441668,0.997943
-0.0733113,0.441328,0.997932
-0.0760956,0.440971,0.997887
-0.0788775,0.440597,0.99798
-0.0816571,0.440206,0.998037
-0.0844342,0.439796,0.998058
-0.0872086,0.43937,0.998041
-0.0899803,0.438926,0.997989
-0.0927492,0.438465,0.998077
-0.0955151,0.437986,0.998128
-0.098278,0.43749,0.998143
-0.101038,0.436977,0.998121
-0.103794,0.436446,0.998064
-0.106547,0.435898,0.998146
-0.109297,0.435333,0.998192
-0.112043,0.434751,0.998202
-0.114785,0.434152,0.998175
-0.117524,0.433535,0.998113
-0.120258,0.432902,0.99819
-0.122989,0.432251,0.998232
-0.125715,0.431583,0.998237
-0.128437,0.430898,0.998206
-0.131155,0.430196,0.99814
-0.133869,0.429478,0.998213
-0.136578,0.428742,0.99825
-0.139282,0.427989,0.998252
-0.141981,0.42722,0.998218
-0.144676,0.426434,0.998149
-0.147366,0.425631,0.998218
-0.15005,0.424811,0.998251
-0.15273,0.423974,0.99825
-0.155404,0.423121,0.998213
-0.158073,0.422251,0.99814
-0.160736,0.421364,0.998208
-0.163394,0.420461,0.998238
-0.166046,0.419542,0.998234
-0.168693,0.418606,0.998195
-0.171333,0.417653,0.99812
-0.173967,0.416684,0.998186
-0.176596,0.415699,0.998216
-0.179218,0.414697,0.998209
-0.181834,0.413679,0.998167
-0.184444,0.412645,0.99809
-0.187047,0.411594,0.998155
-0.189643,0.410528,0.998185
-0.192233,0.409445,0.998177
-0.194816,0.408346,0.998136
-0.197392,0.407232,0.998057
-0.199962,0.406101,0.998121
-0.202524,0.404954,0.998148
-0.205079,0.403792,0.998142
-0.207626,0.402613,0.998099
-0.210167,0.401419,0.998022
-0.2127,0.400209,0.998084
-0.215225,0.398984,0.998114
-0.217743,0.397742,0.998107
-0.220253,0.396486,0.998064
-0.222755,0.395213,0.997985
-0.225249,0.393926,0.99805
-0.227735,0.392623,0.998079
-0.230213,0.391304,0.998073
-0.232683,0.38997,0.99803
-0.235145,0.388621,0.997954
-0.237598,0.387257,0.998019
-0.240043,0.385877,0.998048
-0.242479,0.384483,0.998043
-0.244906,0.383073,0.998004
-0.247325,0.381649,0.997929
-0.249735,0.380209,0.997997
-0.252136,0.378755,0.99803
-0.254528,0.377286,0.998029
-0.256911,0.375802,0.99799
-0.259284,0.374304,0.997917
-0.261649,0.372791,0.997988
-0.264003,0.371263,0.998022
-0.266349,0.369721,0.998023
-0.268685,0.368164,0.997987
-0.271011,0.366593,0.997917
-0.273328,0.365008,0.99799
-0.275634,0.363408,0.998029
-0.277931,0.361795,0.998032
-0.280218,0.360167,0.998001
-0.282495,0.358525,0.997936
-0.284761,0.356869,0.998012
-0.287018,0.3552,0.998056
-0.289264,0.353516,0.998062
-0.2915,0.351819,0.998035
-0.293725,0.350107,0.997975
-0.29594,0.348383,0.998057
-0.298144,0.346644,0.998105
-0.300337,0.344893,0.998117
-0.302519,0.343127,0.998096
-0.304691,0.341349,0.998039
-0.306852,0.339557,0.998125
-0.309001,0.337752,0.998178
-0.31114,0.335933,0.998196
-0.313267,0.334102,0.998181
-0.315383,0.332258,0.998129
-0.317488,0.3304,0.998223
-0.319581,0.32853,0.998281
-0.321663,0.326647,0.998305
-0.323733,0.324751,0.998294
-0.325792,0.322843,0.998248
-0.327839,0.320922,0.99817
-0.329874,0.318989,0.998235
-0.331897,0.317043,0.998266
-0.333908,0.315085,0.998262
-0.335907,0.313114,0.998226
-0.337894,0.311131,0.998152
-0.339869,0.309137,0.998225
-0.341832,0.30713,0.998263
-0.343782,0.305111,0.998265
-0.34572,0.30308,0.998238
-0.347646,0.301038,0.998171
-0.349559,0.298984,0.998252
-0.351459,0.296918,0.998297
-0.353347,0.294841,0.998308
-0.355222,0.292752,0.998286
-0.357085,0.290651,0.998229
-0.358934,0.28854,0.998318
-0.360771,0.286417,0.998372
-0.362594,0.284283,0.998392
-0.364405,0.282138,0.998378
-0.366202,0.279982,0.99833
-0.367986,0.277815,0.998427
-0.369757,0.275637,0.998493
-0.371515,0.273448,0.998521
-0.37326,0.271249,0.998515
-0.374991,0.269039,0.998477
-0.376708,0.266819,0.998403
-0.378412,0.264588,0.998475
-0.380102,0.262347,0.998517
-0.381779,0.260096,0.99852
-0.383442,0.257835,0.998493
-0.385091,0.255563,0.998429
-0.386726,0.253282,0.998513
-0.388348,0.25099,0.998563
-0.389955,0.248689,0.998579
-0.391549,0.246378,0.998561
-0.393128,0.244058,0.998509
-0.394693,0.241728,0.998605
-0.396245,0.239388,0.998667
-0.397782,0.237039,0.998694
-0.399304,0.234681,0.998686
-0.400813,0.232314,0.998644
-0.402306,0.229937,0.998569
-0.403786,0.227552,0.998644
-0.405251,0.225157,0.998683
-0.406701,0.222754,0.998687
-0.408137,0.220342,0.998659
-0.409559,0.217921,0.998597
-0.410965,0.215492,0.998683
-0.412357,0.213054,0.998733
-0.413734,0.210608,0.998751
-0.415096,0.208154,0.998736
-0.416444,0.205692,0.998686
-0.417776,0.203221,0.998782
-0.419094,0.200742,0.998847
-0.420396,0.198256,0.998879
-0.421684,0.195761,0.998876
-0.422956,0.193259,0.998839
-0.424213,0.190749,0.998769
-0.425455,0.188232,0.998848
-0.426682,0.185707,0.998892
-0.427894,0.183175,0.998903
-0.42909,0.180636,0.99888
-0.430271,0.178089,0.998823
-0.431436,0.175536,0.998914
-0.432586,0.172975,0.998974
-0.433721,0.170408,0.999
-0.43484,0.167833,0.998991
-0.435944,0.165252,0.998951
-0.437032,0.162665,0.998874
-0.438104,0.160071,0.998948
-0.439161,0.15747,0.998988
-0.440202,0.154863,0.998995
-0.441227,0.15225,0.998969
-0.442237,0.149631,0.998909
-0.443231,0.147006,0.998997
-0.444209,0.144375,0.999052
-0.445171,0.141738,0.999076
-0.446117,0.139095,0.999065
-0.447048,0.136447,0.999021
-0.447962,0.133793,0.998943
-0.448861,0.131134,0.999016
-0.449744,0.128469,0.999054
-0.45061,0.125799,0.999061
-0.451461,0.123124,0.999033
-0.452295,0.120444,0.998971
-0.453113,0.117759,0.999061
-0.453916,0.115069,0.999116
-0.454702,0.112374,0.999138
-0.455471,0.109674,0.999128
-0.456225,0.106971,0.999084
-0.456963,0.104262,0.999007
-0.457684,0.101549,0.999081
-0.458389,0.0988322,0.999121
-0.459077,0.0961109,0.999129
-0.45975,0.0933856,0.999103
-0.460406,0.0906563,0.999044
-0.461045,0.0879231,0.999136
-0.461669,0.0851862,0.999195
-0.462276,0.0824455,0.99922
-0.462866,0.0797013,0.999213
-0.46344,0.0769536,0.999172
-0.463998,0.0742025,0.999099
-0.464539,0.0714481,0.999176
-0.465064,0.0686906,0.99922
-0.465572,0.0659299,0.999232
-0.466064,0.0631663,0.99921
-0.466539,0.0603998,0.999156
-0.466998,0.0576305,0.999253
-0.46744,0.0548585,0.999316
-0.467865,0.0520839,0.999348
-0.468274,0.0493068,0.999346
-0.468667,0.0465274,0.999311
-0.469043,0.0437456,0.999244
-0.469402,0.0409617,0.999328
-0.469745,0.0381756,0.999379
-0.470071,0.0353876,0.999398
-0.47038,0.0325977,0.999383
-0.470673,0.029806,0.999337
-0.470949,0.0270125,0.999257
-0.471209,0.0242175,0.999329
-0.471452,0.021421,0.999368
-0.471678,0.0186231,0.999375
-0.471888,0.0158239,0.999349
-0.47208,0.0130235,0.99929
-0.472257,0.010222,0.999384
-0.472416,0.00741954,0.999445
-0.472559,0.00461615,0.999473
-0.472686,0.00181196,0.999468
-0.472795,-0.000992932,0.999432
-0.472888,-0.00379843,0.999362
-0.472965,-0.00660443,0.999445
-0.473024,-0.00941083,0.999496
-0.473067,-0.0122175,0.999513
-0.473094,-0.0150244,0.999499
-0.473103,-0.0178315,0.999452
-0.473096,-0.0206385,0.999372
-0.473072,-0.0234454,0.999445
-0.473032,-0.0262522,0.999486
-0.472975,-0.0290586,0.999494
-0.472902,-0.0318647,0.99947
-0.472811,-0.0346703,0.999413
-0.472705,-0.0374753,0.99951
-0.472581,-0.0402796,0.999574
-0.472441,-0.0430831,0.999606
-0.472285,-0.0458858,0.999605
-0.472111,-0.0486875,0.999573
-0.471922,-0.0514881,0.999507
-0.471715,-0.0542875,0.999595
-0.471492,-0.0570857,0.999651
-0.471253,-0.0598825,0.999674
-0.470997,-0.0626779,0.999666
-0.470724,-0.0654716,0.999625
-0.470435,-0.0682637,0.999552
-0.47013,-0.0710541,0.999633
-0.469808,-0.0738426,0.999681
-0.469469,-0.0766292,0.999697
-0.469114,-0.0794137,0.99968
-0.468743,-0.082196,0.999633
-0.468355,-0.0849762,0.999552
-0.467951,-0.0877539,0.999626
-0.46753,-0.0905293,0.999668
-0.467094,-0.0933021,0.999677
-0.46664,-0.0960723,0.999654
-0.466171,-0.0988398,0.9996
-0.465685,-0.101604,0.999513
-0.465183,-0.104366,0.99958
-0.464664,-0.107125,0.999617
-0.464129,-0.109881,0.99962
-0.463579,-0.112633,0.999591
-0.463011,-0.115382,0.99953
-0.462428,-0.118128,0.999625
-0.461829,-0.12087,0.999687
-0.461213,-0.123609,0.999717
-0.460582,-0.126344,0.999716
-0.459934,-0.129075,0.999683
-0.45927,-0.131803,0.999617
-0.45859,-0.134526,0.999707
-0.457895,-0.137246,0.999764
-0.457183,-0.139961,0.99979
-0.456455,-0.142672,0.999785
-0.455712,-0.145379,0.999746
-0.454952,-0.148081,0.999676
-0.454177,-0.150779,0.999762
-0.453386,-0.153472,0.999816
-0.452579,-0.156161,0.999838
-0.451756,-0.158845,0.999828
-0.450918,-0.161523,0.999786
-0.450063,-0.164197,0.999713
-0.449194,-0.166866,0.999795
-0.448308,-0.16953,0.999847
-0.447407,-0.172188,0.999865
-0.446491,-0.174842,0.999853
-0.445558,-0.177489,0.999808
-0.444611,-0.180132,0.999731
-0.443648,-0.182768,0.999812
-0.442669,-0.185399,0.999859
-0.441676,-0.188024,0.999877
-0.440666,-0.190644,0.999862
-0.439642,-0.193257,0.999815
-0.438602,-0.195865,0.999735
-0.437547,-0.198466,0.999814
-0.436477,-0.201061,0.999861
-0.435392,-0.20365,0.999875
-0.434291,-0.206232,0.999858
-0.433176,-0.208808,0.99981
-0.432045,-0.211377,0.99973
-0.430899,-0.21394,0.999807
-0.429739,-0.216496,0.999853
-0.428564,-0.219045,0.999868
-0.427373,-0.221587,0.999851
-0.426168,-0.224122,0.999802
-0.424948,-0.22665,0.999721
-0.423714,-0.229171,0.999798
-0.422465,-0.231685,0.999844
-0.421201,-0.234191,0.999857
-0.419922,-0.23669,0.99984
-0.418629,-0.239182,0.999791
-0.417322,-0.241666,0.999711
-0.416,-0.244142,0.999788
-0.414664,-0.246611,0.999835
-0.413313,-0.249071,0.999849
-0.411948,-0.251524,0.999833
-0.410569,-0.253969,0.999785
-0.409175,-0.256406,0.999706
-0.407768,-0.258834,0.999786
-0.406346,-0.261255,0.999834
-0.40491,-0.263667,0.999849
-0.403461,-0.26607,0.999834
-0.401997,-0.268466,0.999788
-0.400519,-0.270852,0.999709
-0.399028,-0.27323,0.99979
-0.397523,-0.2756,0.999839
-0.396004,-0.27796,0.999858
-0.394471,-0.280312,0.999845
-0.392925,-0.282655,0.999803
-0.391365,-0.284989,0.999727
-0.389792,-0.287313,0.99981
-0.388205,-0.289629,0.999864
-0.386605,-0.291935,0.999886
-0.384991,-0.294232,0.999876
-0.383364,-0.29652,0.999835
-0.381724,-0.298798,0.999764
-0.380071,-0.301066,0.99985
-0.378405,-0.303325,0.999908
-0.376725,-0.305574,0.999931
-0.375033,-0.307814,0.999926
-0.373328,-0.310043,0.999888
-0.37161,-0.312263,0.999818
-0.369879,-0.314473,0.99991
-0.368135,-0.316673,0.99997
-0.366378,-0.318862,1
-0.364609,-0.321042,0.999998
-0.362828,-0.323211,0.999966
-0.361033,-0.32537,0.999902
-0.359227,-0.327518,0.999808
-0.357408,-0.329656,0.999872
-0.355576,-0.331783,0.999907
-0.353733,-0.3339,0.999911
-0.351877,-0.336006,0.999883
-0.350009,-0.338101,0.999826
-0.348129,-0.340186,0.999736
-0.346237,-0.342259,0.999807
-0.344333,-0.344322,0.999847
-0.342418,-0.346374,0.999857
-0.34049,-0.348414,0.999835
-0.338551,-0.350444,0.999783
-0.3366,-0.352462,0.9997
-0.334637,-0.354469,0.999778
-0.332663,-0.356464,0.999824
-0.330677,-0.358449,0.99984
-0.32868,-0.360421,0.999825
-0.326672,-0.362383,0.999782
-0.324653,-0.364332,0.999704
-0.322622,-0.36627,0.99979
-0.32058,-0.368196,0.999843
-0.318527,-0.370111,0.999866
-0.316463,-0.372013,0.999859
-0.314388,-0.373904,0.999824
-0.312303,-0.375783,0.999752
-0.310206,-0.377649,0.999844
-0.308099,-0.379504,0.999907
-0.305982,-0.381346,0.999938
-0.303853,-0.383177,0.99994
-0.301715,-0.384995,0.99991
-0.299565,-0.3868,0.999849
-0.297406,-0.388594,0.999757
-0.295236,-0.390375,0.999829
-0.293056,-0.392143,0.999868
-0.290866,-0.393899,0.999878
-0.288666,-0.395642,0.999856
-0.286456,-0.397373,0.999806
-0.284236,-0.399091,0.999723
-0.282006,-0.400796,0.999802
-0.279767,-0.402489,0.999854
-0.277518,-0.404168,0.999869
-0.275259,-0.405835,0.99986
-0.272991,-0.407488,0.999818
-0.270713,-0.409129,0.999746
-0.268426,-0.410757,0.999837
-0.26613,-0.412371,0.999897
-0.263824,-0.413972,0.999926
-0.26151,-0.415561,0.999925
-0.259186,-0.417135,0.999893
-0.256854,-0.418697,0.999832
-0.254512,-0.420245,0.999741
-0.252162,-0.42178,0.999811
-0.249803,-0.423301,0.999852
-0.247435,-0.424809,0.999863
-0.245059,-0.426303,0.999842
-0.242674,-0.427783,0.999792
-0.24028,-0.42925,0.999713
-0.237879,-0.430704,0.999795
-0.235469,-0.432143,0.999847
-0.233051,-0.433569,0.999869
-0.230625,-0.434981,0.999862
-0.228191,-0.436379,0.999823
-0.225749,-0.437763,0.999755
-0.223299,-0.439133,0.999657
-0.220841,-0.440489,0.999722
-0.218376,-0.441832,0.999756
-0.215903,-0.44316,0.99976
-0.213422,-0.444474,0.999736
-0.210934,-0.445773,0.99968
-0.208439,-0.447059,0.999595
-0.205937,-0.44833,0.999671
-0.203427,-0.449588,0.99972
-0.20091,-0.45083,0.999736
-0.198386,-0.452059,0.999724
-0.195855,-0.453273,0.999683
-0.193317,-0.454473,0.99961
-0.190773,-0.455658,0.999703
-0.188222,-0.456829,0.999764
-0.185664,-0.457985,0.999796
-0.183099,-0.459127,0.999797
-0.180528,-0.460254,0.999769
-0.177951,-0.461366,0.99971
-0.175368,-0.462464,0.999623
-0.172778,-0.463547,0.999699
-0.170182,-0.464615,0.999747
-0.167581,-0.465669,0.999764
-0.164973,-0.466708,0.999751
-0.162359,-0.467732,0.999708
-0.15974,-0.468741,0.999635
-0.157115,-0.469735,0.999728
-0.154484,-0.470715,0.999789
-0.151848,-0.471679,0.999822
-0.149207,-0.472629,0.999825
-0.14656,-0.473563,0.999797
-0.143908,-0.474483,0.999741
-0.14125,-0.475387,0.999654
-0.138588,-0.476277,0.999732
-0.13592,-0.477151,0.99978
-0.133248,-0.47801,0.999798
-0.130571,-0.478855,0.999788
-0.127889,-0.479683,0.999747
-0.125203,-0.480497,0.999677
-0.122512,-0.481296,0.999578
-0.119816,-0.482079,0.999643
-0.117116,-0.482847,0.999679
-0.114412,-0.4836,0.999685
-0.111703,-0.484337,0.999662
-0.108991,-0.485059,0.999609
-0.106274,-0.485766,0.999527
-0.103554,-0.486457,0.999611
-0.100829,-0.487134,0.999664
-0.0981011,-0.487794,0.999689
-0.0953693,-0.48844,0.999682
-0.0926338,-0.489069,0.999647
-0.0898948,-0.489684,0.999583
-0.0871524,-0.490283,0.99949
-0.0844067,-0.490866,0.999561
-0.0816577,-0.491434,0.999603
-0.0789056,-0.491986,0.999617
-0.0761504,-0.492523,0.9996
-0.0733922,-0.493045,0.999554
-0.0706311,-0.49355,0.999479
-0.0678672,-0.494041,0.99957
-0.0651006,-0.494515,0.999631
-0.0623314,-0.494974,0.999665
-0.0595596,-0.495418,0.999667
-0.0567853,-0.495846,0.999641
-0.0540087,-0.496258,0.999585
-0.0512299,-0.496655,0.9995
-0.0484488,-0.497036,0.999582
-0.0456657,-0.497401,0.999634
-0.0428805,-0.497751,0.999656
-0.0400934,-0.498085,0.99965
-0.0373045,-0.498403,0.999615
-0.0345138,-0.498706,0.99955
-0.0317215,-0.498993,0.999457
